GameUID,PitchNo,PitchUID,PlayID,Date,Time,UTCDate,UTCTime,LocalDateTime,UTCDateTime,PitcherTeam,BatterTeam,PitchCall,PlayResult,DetectedShift,1B_PositionAtReleaseX,1B_PositionAtReleaseZ,2B_PositionAtReleaseX,2B_PositionAtReleaseZ,3B_PositionAtReleaseX,3B_PositionAtReleaseZ,SS_PositionAtReleaseX,SS_PositionAtReleaseZ,LF_PositionAtReleaseX,LF_PositionAtReleaseZ,CF_PositionAtReleaseX,CF_PositionAtReleaseZ,RF_PositionAtReleaseX,RF_PositionAtReleaseZ,1B_Name,1B_Id,2B_Name,2B_Id,3B_Name,3B_Id,SS_Name,SS_Id,LF_Name,LF_Id,CF_Name,CF_Id,RF_Name,RF_Id,FHC
94f9b3df-f1ff-47a1-b734-4368ac784bdc,1,e87257e0-2892-11f1-b116-bfab16f8f625,ca4d36e0-0d75-4fad-9533-ba7fbf3b70ec,2026-03-25,16:38:04.44,2026-03-25,21:38:04.44,2026-03-25T16:38:04.4453376-05:00,2026-03-25T21:38:04.4453376Z,SOU_RED,SOU_RED,BallCalled,Undefined,NoShift,,,,,,,,,,,,,,,"Mertens, Nathan",1000118443,"Grace, Ranard",1000076258,"Menth, Alexander",10180011,"Carroll, Andrew",1000138542,"Johnston, Gavin",1000214547,"Sauer, John-Paul",815663,"Keldsen, Joseph",10302057,true
94f9b3df-f1ff-47a1-b734-4368ac784bdc,2,f1a9f660-2892-11f1-b116-bfab16f8f625,6aafba80-9f71-48fd-b609-3720d3ecb905,2026-03-25,16:38:19.87,2026-03-25,21:38:19.87,2026-03-25T16:38:19.8769664-05:00,2026-03-25T21:38:19.8769664Z,SOU_RED,SOU_RED,BallCalled,Undefined,NoShift,,,,,,,,,,,,,,,"Mertens, Nathan",1000118443,"Grace, Ranard",1000076258,"Menth, Alexander",10180011,"Carroll, Andrew",1000138542,"Johnston, Gavin",1000214547,"Sauer, John-Paul",815663,"Keldsen, Joseph",10302057,true
94f9b3df-f1ff-47a1-b734-4368ac784bdc,3,fbe76c20-2892-11f1-b116-bfab16f8f625,169d396e-fc38-4f7a-8f3d-a716616bb329,2026-03-25,16:38:37.16,2026-03-25,21:38:37.16,2026-03-25T16:38:37.1654656-05:00,2026-03-25T21:38:37.1654656Z,SOU_RED,SOU_RED,InPlay,Out,NoShift,,,,,,,,,,,,,,,"Mertens, Nathan",1000118443,"Grace, Ranard",1000076258,"Menth, Alexander",10180011,"Carroll, Andrew",1000138542,"Johnston, Gavin",1000214547,"Sauer, John-Paul",815663,"Keldsen, Joseph",10302057,true
94f9b3df-f1ff-47a1-b734-4368ac784bdc,4,0dba9030-2893-11f1-b116-bfab16f8f625,3a0b0c70-d9b2-4696-a999-a389cdb8d40c,2026-03-25,16:39:06.98,2026-03-25,21:39:06.98,2026-03-25T16:39:06.9876224-05:00,2026-03-25T21:39:06.9876224Z,SOU_RED,SOU_RED,StrikeCalled,Undefined,NoShift,,,,,,,,,,,,,,,"Mertens, Nathan",1000118443,"Grace, Ranard",1000076258,"Menth, Alexander",10180011,"Carroll, Andrew",1000138542,"Johnston, Gavin",1000214547,"Sauer, John-Paul",815663,"Keldsen, Joseph",10302057,true
94f9b3df-f1ff-47a1-b734-4368ac784bdc,5,170abfc0-2893-11f1-b116-bfab16f8f625,dd129409-cfcc-46c7-95a4-1ad9bd7393d3,2026-03-25,16:39:22.65,2026-03-25,21:39:22.65,2026-03-25T16:39:22.6541056-05:00,2026-03-25T21:39:22.6541056Z,SOU_RED,SOU_RED,InPlay,Out,NoShift,,,,,,,,,,,,,,,"Mertens, Nathan",1000118443,"Grace, Ranard",1000076258,"Menth, Alexander",10180011,"Carroll, Andrew",1000138542,"Johnston, Gavin",1000214547,"Sauer, John-Paul",815663,"Keldsen, Joseph",10302057,true
94f9b3df-f1ff-47a1-b734-4368ac784bdc,6,27c4d2b0-2893-11f1-b116-bfab16f8f625,4b6f04a2-79a7-43aa-a7c0-18f0b8d45da7,2026-03-25,16:39:50.78,2026-03-25,21:39:50.78,2026-03-25T16:39:50.7812864-05:00,2026-03-25T21:39:50.7812864Z,SOU_RED,SOU_RED,BallCalled,Undefined,NoShift,,,,,,,,,266.96859,-160.94922,,,,,"Mertens, Nathan",1000118443,"Grace, Ranard",1000076258,"Menth, Alexander",10180011,"Carroll, Andrew",1000138542,"Johnston, Gavin",1000214547,"Sauer, John-Paul",815663,"Keldsen, Joseph",10302057,true
94f9b3df-f1ff-47a1-b734-4368ac784bdc,7,3468c120-2893-11f1-b116-bfab16f8f625,6aa560e7-fbf8-4e99-ad6f-6df190d918ba,2026-03-25,16:40:11.93,2026-03-25,21:40:11.93,2026-03-25T16:40:11.9355392-05:00,2026-03-25T21:40:11.9355392Z,SOU_RED,SOU_RED,BallCalled,Undefined,NoShift,,,,,,,,,194.94145,-110.60751,,,,,"Mertens, Nathan",1000118443,"Grace, Ranard",1000076258,"Menth, Alexander",10180011,"Carroll, Andrew",1000138542,"Johnston, Gavin",1000214547,"Sauer, John-Paul",815663,"Keldsen, Joseph",10302057,true
94f9b3df-f1ff-47a1-b734-4368ac784bdc,8,4283bf30-2893-11f1-b116-bfab16f8f625,771d6c44-bdc8-461c-bcc1-8aaec001f93d,2026-03-25,16:40:35.58,2026-03-25,21:40:35.58,2026-03-25T16:40:35.5877376-05:00,2026-03-25T21:40:35.5877376Z,SOU_RED,SOU_RED,InPlay,HomeRun,NoShift,,,,,,,,,,,,,,,"Mertens, Nathan",1000118443,"Grace, Ranard",1000076258,"Menth, Alexander",10180011,"Carroll, Andrew",1000138542,"Johnston, Gavin",1000214547,"Sauer, John-Paul",815663,"Keldsen, Joseph",10302057,true
94f9b3df-f1ff-47a1-b734-4368ac784bdc,9,5844bf40-2893-11f1-b116-bfab16f8f625,4c023af1-93d1-4a3b-9b47-7dc0a34525ae,2026-03-25,16:41:12.05,2026-03-25,21:41:12.05,2026-03-25T16:41:12.0527872-05:00,2026-03-25T21:41:12.0527872Z,SOU_RED,SOU_RED,StrikeCalled,Undefined,NoShift,,,,,,,,,,,,,,,"Mertens, Nathan",1000118443,"Grace, Ranard",1000076258,"Menth, Alexander",10180011,"Carroll, Andrew",1000138542,"Johnston, Gavin",1000214547,"Sauer, John-Paul",815663,"Keldsen, Joseph",10302057,true
94f9b3df-f1ff-47a1-b734-4368ac784bdc,10,62719330-2893-11f1-b116-bfab16f8f625,6b72728b-1d07-45fd-ae0a-c7e8829dc2a6,2026-03-25,16:41:29.18,2026-03-25,21:41:29.18,2026-03-25T16:41:29.1875328-05:00,2026-03-25T21:41:29.1875328Z,SOU_RED,SOU_RED,BallCalled,Undefined,NoShift,,,,,,,,,,,,,,,"Mertens, Nathan",1000118443,"Grace, Ranard",1000076258,"Menth, Alexander",10180011,"Carroll, Andrew",1000138542,"Johnston, Gavin",1000214547,"Sauer, John-Paul",815663,"Keldsen, Joseph",10302057,true
94f9b3df-f1ff-47a1-b734-4368ac784bdc,11,6d4de100-2893-11f1-b116-bfab16f8f625,777c48e9-f093-40aa-81e3-fd9992849340,2026-03-25,16:41:47.31,2026-03-25,21:41:47.31,2026-03-25T16:41:47.3139200-05:00,2026-03-25T21:41:47.3139200Z,SOU_RED,SOU_RED,StrikeCalled,Undefined,NoShift,,,,,,,,,,,,,,,"Mertens, Nathan",1000118443,"Grace, Ranard",1000076258,"Menth, Alexander",10180011,"Carroll, Andrew",1000138542,"Johnston, Gavin",1000214547,"Sauer, John-Paul",815663,"Keldsen, Joseph",10302057,true
94f9b3df-f1ff-47a1-b734-4368ac784bdc,12,78725b60-2893-11f1-b116-bfab16f8f625,2eef248a-9f81-4b19-90e0-43fc5fa5ab4a,2026-03-25,16:42:06.12,2026-03-25,21:42:06.12,2026-03-25T16:42:06.1251584-05:00,2026-03-25T21:42:06.1251584Z,SOU_RED,SOU_RED,BallCalled,Undefined,NoShift,,,,,,,,,,,,,,,"Mertens, Nathan",1000118443,"Grace, Ranard",1000076258,"Menth, Alexander",10180011,"Carroll, Andrew",1000138542,"Johnston, Gavin",1000214547,"Sauer, John-Paul",815663,"Keldsen, Joseph",10302057,true
94f9b3df-f1ff-47a1-b734-4368ac784bdc,13,87237ef0-2893-11f1-b116-bfab16f8f625,f6f3b9b8-c130-4fd0-a2c3-0cc313a37463,2026-03-25,16:42:30.67,2026-03-25,21:42:30.67,2026-03-25T16:42:30.6778624-05:00,2026-03-25T21:42:30.6778624Z,SOU_RED,SOU_RED,BallCalled,Undefined,NoShift,,,,,,,,,,,,,,,"Mertens, Nathan",1000118443,"Grace, Ranard",1000076258,"Menth, Alexander",10180011,"Carroll, Andrew",1000138542,"Johnston, Gavin",1000214547,"Sauer, John-Paul",815663,"Keldsen, Joseph",10302057,true
94f9b3df-f1ff-47a1-b734-4368ac784bdc,14,930ccff0-2893-11f1-b116-bfab16f8f625,b518f1b5-d5c9-4a3d-a50a-fd3e5bd1995e,2026-03-25,16:42:50.74,2026-03-25,21:42:50.74,2026-03-25T16:42:50.7419648-05:00,2026-03-25T21:42:50.7419648Z,SOU_RED,SOU_RED,BallCalled,Undefined,NoShift,,,,,,,,,,,,,,,"Mertens, Nathan",1000118443,"Grace, Ranard",1000076258,"Menth, Alexander",10180011,"Carroll, Andrew",1000138542,"Johnston, Gavin",1000214547,"Sauer, John-Paul",815663,"Keldsen, Joseph",10302057,true
94f9b3df-f1ff-47a1-b734-4368ac784bdc,15,a2f932a0-2893-11f1-b116-bfab16f8f625,e4af13f5-1926-474b-9620-c875fdbc1ac8,2026-03-25,16:43:17.33,2026-03-25,21:43:17.33,2026-03-25T16:43:17.3336064-05:00,2026-03-25T21:43:17.3336064Z,SOU_RED,SOU_RED,InPlay,Out,NoShift,,,,,,,,,,,,,,,"Mertens, Nathan",1000118443,"Grace, Ranard",1000076258,"Menth, Alexander",10180011,"Carroll, Andrew",1000138542,"Johnston, Gavin",1000214547,"Sauer, John-Paul",815663,"Keldsen, Joseph",10302057,true
94f9b3df-f1ff-47a1-b734-4368ac784bdc,16,542de200-2894-11f1-b116-bfab16f8f625,ac25fae7-3fa3-4663-baa9-9f1bbccf1d41,2026-03-25,16:48:14.65,2026-03-25,21:48:14.65,2026-03-25T16:48:14.6504192-05:00,2026-03-25T21:48:14.6504192Z,SOU_RED,SOU_RED,StrikeCalled,Undefined,NoShift,,,,,,,,,,,,,,,"Mertens, Nathan",1000118443,"Grace, Ranard",1000076258,"Menth, Alexander",10180011,"Carroll, Andrew",1000138542,"Johnston, Gavin",1000214547,"Sauer, John-Paul",815663,"Keldsen, Joseph",10302057,true
94f9b3df-f1ff-47a1-b734-4368ac784bdc,17,5cd6d510-2894-11f1-b116-bfab16f8f625,0c76b177-ac8b-4f9a-87d0-f6f1fd686871,2026-03-25,16:48:29.30,2026-03-25,21:48:29.30,2026-03-25T16:48:29.3075456-05:00,2026-03-25T21:48:29.3075456Z,SOU_RED,SOU_RED,StrikeSwinging,Undefined,NoShift,,,,,,,,,,,,,,,"Mertens, Nathan",1000118443,"Grace, Ranard",1000076258,"Menth, Alexander",10180011,"Carroll, Andrew",1000138542,"Johnston, Gavin",1000214547,"Sauer, John-Paul",815663,"Keldsen, Joseph",10302057,true
94f9b3df-f1ff-47a1-b734-4368ac784bdc,18,6c8f7d90-2894-11f1-b116-bfab16f8f625,da549d3d-e121-4378-9923-7af3de60b6c6,2026-03-25,16:48:55.55,2026-03-25,21:48:55.55,2026-03-25T16:48:55.5588608-05:00,2026-03-25T21:48:55.5588608Z,SOU_RED,SOU_RED,StrikeSwinging,Undefined,NoShift,,,,,,,,,,,,,,,"Mertens, Nathan",1000118443,"Grace, Ranard",1000076258,"Menth, Alexander",10180011,"Carroll, Andrew",1000138542,"Johnston, Gavin",1000214547,"Sauer, John-Paul",815663,"Keldsen, Joseph",10302057,true
94f9b3df-f1ff-47a1-b734-4368ac784bdc,19,7c1c5b20-2894-11f1-b116-bfab16f8f625,759286c3-ae03-44c2-b10d-8731e2a47530,2026-03-25,16:49:21.70,2026-03-25,21:49:21.70,2026-03-25T16:49:21.7033728-05:00,2026-03-25T21:49:21.7033728Z,SOU_RED,SOU_RED,StrikeCalled,Undefined,NoShift,,,,,,,,,,,363.40824,49.35544,,,"Mertens, Nathan",1000118443,"Grace, Ranard",1000076258,"Menth, Alexander",10180011,"Carroll, Andrew",1000138542,"Johnston, Gavin",1000214547,"Sauer, John-Paul",815663,"Keldsen, Joseph",10302057,true
94f9b3df-f1ff-47a1-b734-4368ac784bdc,20,85143180-2894-11f1-b116-bfab16f8f625,b871fc95-1d56-4f08-a5f8-64a3b45acb1e,2026-03-25,16:49:36.73,2026-03-25,21:49:36.73,2026-03-25T16:49:36.7311360-05:00,2026-03-25T21:49:36.7311360Z,SOU_RED,SOU_RED,StrikeSwinging,Undefined,NoShift,,,,,,,,,,,357.60818,48.7087,,,"Mertens, Nathan",1000118443,"Grace, Ranard",1000076258,"Menth, Alexander",10180011,"Carroll, Andrew",1000138542,"Johnston, Gavin",1000214547,"Sauer, John-Paul",815663,"Keldsen, Joseph",10302057,true
94f9b3df-f1ff-47a1-b734-4368ac784bdc,21,925941f0-2894-11f1-b116-bfab16f8f625,10f221a4-d20b-4428-9838-3c3b412a538c,2026-03-25,16:49:58.93,2026-03-25,21:49:58.93,2026-03-25T16:49:58.9337600-05:00,2026-03-25T21:49:58.9337600Z,SOU_RED,SOU_RED,StrikeCalled,Undefined,NoShift,,,,,,,,,,,360.6214,49.13238,,,"Mertens, Nathan",1000118443,"Grace, Ranard",1000076258,"Menth, Alexander",10180011,"Carroll, Andrew",1000138542,"Johnston, Gavin",1000214547,"Sauer, John-Paul",815663,"Keldsen, Joseph",10302057,true
94f9b3df-f1ff-47a1-b734-4368ac784bdc,22,9f73e700-2894-11f1-b116-bfab16f8f625,8249b266-eefa-4fde-a6a3-8245363ea1fc,2026-03-25,16:50:20.93,2026-03-25,21:50:20.93,2026-03-25T16:50:20.9396224-05:00,2026-03-25T21:50:20.9396224Z,SOU_RED,SOU_RED,BallCalled,Undefined,NoShift,,,,,,,,,,,,,,,"Mertens, Nathan",1000118443,"Grace, Ranard",1000076258,"Menth, Alexander",10180011,"Carroll, Andrew",1000138542,"Johnston, Gavin",1000214547,"Sauer, John-Paul",815663,"Keldsen, Joseph",10302057,true
94f9b3df-f1ff-47a1-b734-4368ac784bdc,23,aa11f350-2894-11f1-b116-bfab16f8f625,41b757f2-2739-4fbe-9636-cc7c9a73f85c,2026-03-25,16:50:38.76,2026-03-25,21:50:38.76,2026-03-25T16:50:38.7671040-05:00,2026-03-25T21:50:38.7671040Z,SOU_RED,SOU_RED,StrikeCalled,Undefined,NoShift,,,,,,,,,,,,,,,"Mertens, Nathan",1000118443,"Grace, Ranard",1000076258,"Menth, Alexander",10180011,"Carroll, Andrew",1000138542,"Johnston, Gavin",1000214547,"Sauer, John-Paul",815663,"Keldsen, Joseph",10302057,true
94f9b3df-f1ff-47a1-b734-4368ac784bdc,24,b4b0ea00-2894-11f1-b116-bfab16f8f625,4012f64b-fac3-4ec5-9829-0cb23974054d,2026-03-25,16:50:56.65,2026-03-25,21:50:56.65,2026-03-25T16:50:56.6505472-05:00,2026-03-25T21:50:56.6505472Z,SOU_RED,SOU_RED,InPlay,Single,NoShift,,,,,,,,,,,361.36106,49.12657,,,"Mertens, Nathan",1000118443,"Grace, Ranard",1000076258,"Menth, Alexander",10180011,"Carroll, Andrew",1000138542,"Johnston, Gavin",1000214547,"Sauer, John-Paul",815663,"Keldsen, Joseph",10302057,true
94f9b3df-f1ff-47a1-b734-4368ac784bdc,25,c51d5220-2894-11f1-b116-bfab16f8f625,9b8faf39-00c4-48bb-8f30-203e313a8c7c,2026-03-25,16:51:24.20,2026-03-25,21:51:24.20,2026-03-25T16:51:24.2009600-05:00,2026-03-25T21:51:24.2009600Z,SOU_RED,SOU_RED,InPlay,Out,NoShift,,,,,,,,,,,,,,,"Mertens, Nathan",1000118443,"Grace, Ranard",1000076258,"Menth, Alexander",10180011,"Carroll, Andrew",1000138542,"Johnston, Gavin",1000214547,"Sauer, John-Paul",815663,"Keldsen, Joseph",10302057,true
94f9b3df-f1ff-47a1-b734-4368ac784bdc,26,d891a310-2894-11f1-b116-bfab16f8f625,fc75a13d-39ea-4cc7-9e64-5193dd6b7965,2026-03-25,16:51:56.77,2026-03-25,21:51:56.77,2026-03-25T16:51:56.7777280-05:00,2026-03-25T21:51:56.7777280Z,SOU_RED,SOU_RED,BallCalled,Undefined,NoShift,,,,,,,,,,,,,,,"Mertens, Nathan",1000118443,"Grace, Ranard",1000076258,"Menth, Alexander",10180011,"Carroll, Andrew",1000138542,"Johnston, Gavin",1000214547,"Sauer, John-Paul",815663,"Keldsen, Joseph",10302057,true
94f9b3df-f1ff-47a1-b734-4368ac784bdc,27,e2429040-2894-11f1-b116-bfab16f8f625,f165d467-4db4-4104-b1f7-51e2c20a2d4e,2026-03-25,16:52:13.03,2026-03-25,21:52:13.03,2026-03-25T16:52:13.0323456-05:00,2026-03-25T21:52:13.0323456Z,SOU_RED,SOU_RED,FoulBallNotFieldable,Undefined,NoShift,,,,,,,,,,,,,,,"Mertens, Nathan",1000118443,"Grace, Ranard",1000076258,"Menth, Alexander",10180011,"Carroll, Andrew",1000138542,"Johnston, Gavin",1000214547,"Sauer, John-Paul",815663,"Keldsen, Joseph",10302057,true
94f9b3df-f1ff-47a1-b734-4368ac784bdc,28,eeadbb70-2894-11f1-b116-bfab16f8f625,2c58c9f8-4c6a-49b2-980e-d05256383fe4,2026-03-25,16:52:33.92,2026-03-25,21:52:33.92,2026-03-25T16:52:33.9228160-05:00,2026-03-25T21:52:33.9228160Z,SOU_RED,SOU_RED,BallCalled,Undefined,NoShift,,,,,,,,,,,,,,,"Mertens, Nathan",1000118443,"Grace, Ranard",1000076258,"Menth, Alexander",10180011,"Carroll, Andrew",1000138542,"Johnston, Gavin",1000214547,"Sauer, John-Paul",815663,"Keldsen, Joseph",10302057,true
94f9b3df-f1ff-47a1-b734-4368ac784bdc,29,f7bb15a0-2894-11f1-b116-bfab16f8f625,1ef0dccf-fdfa-4af6-872f-bffb99f1c592,2026-03-25,16:52:49.09,2026-03-25,21:52:49.09,2026-03-25T16:52:49.0953216-05:00,2026-03-25T21:52:49.0953216Z,SOU_RED,SOU_RED,BallCalled,Undefined,NoShift,,,,,,,,,,,,,,,"Mertens, Nathan",1000118443,"Grace, Ranard",1000076258,"Menth, Alexander",10180011,"Carroll, Andrew",1000138542,"Johnston, Gavin",1000214547,"Sauer, John-Paul",815663,"Keldsen, Joseph",10302057,true
94f9b3df-f1ff-47a1-b734-4368ac784bdc,30,0318ef80-2895-11f1-b116-bfab16f8f625,04075d56-8406-4941-8217-f137e10e9e1f,2026-03-25,16:53:08.10,2026-03-25,21:53:08.10,2026-03-25T16:53:08.1082368-05:00,2026-03-25T21:53:08.1082368Z,SOU_RED,SOU_RED,BallCalled,Undefined,NoShift,,,,,,,,,,,,,,,"Mertens, Nathan",1000118443,"Grace, Ranard",1000076258,"Menth, Alexander",10180011,"Carroll, Andrew",1000138542,"Johnston, Gavin",1000214547,"Sauer, John-Paul",815663,"Keldsen, Joseph",10302057,true
94f9b3df-f1ff-47a1-b734-4368ac784bdc,31,d1608d80-2895-11f1-b116-bfab16f8f625,d58c5a19-8a33-4996-8b35-0998af19d69b,2026-03-25,16:58:54.20,2026-03-25,21:58:54.20,2026-03-25T16:58:54.2016512-05:00,2026-03-25T21:58:54.2016512Z,SOU_RED,SOU_RED,StrikeSwinging,Undefined,NoShift,,,,,,,,,,,360.89713,48.94292,,,"Mertens, Nathan",1000118443,"Grace, Ranard",1000076258,"Menth, Alexander",10180011,"Carroll, Andrew",1000138542,"Johnston, Gavin",1000214547,"Sauer, John-Paul",815663,"Keldsen, Joseph",10302057,true
94f9b3df-f1ff-47a1-b734-4368ac784bdc,32,dbb052c0-2895-11f1-b116-bfab16f8f625,920042a5-433a-4c82-972f-decf131f217f,2026-03-25,16:59:11.51,2026-03-25,21:59:11.51,2026-03-25T16:59:11.5164160-05:00,2026-03-25T21:59:11.5164160Z,SOU_RED,SOU_RED,BallCalled,Undefined,NoShift,,,,,,,,,,,,,,,"Mertens, Nathan",1000118443,"Grace, Ranard",1000076258,"Menth, Alexander",10180011,"Carroll, Andrew",1000138542,"Johnston, Gavin",1000214547,"Sauer, John-Paul",815663,"Keldsen, Joseph",10302057,true
94f9b3df-f1ff-47a1-b734-4368ac784bdc,33,e6e743b0-2895-11f1-b116-bfab16f8f625,5ad66f9f-d823-4886-b54f-f00bb3c68142,2026-03-25,16:59:30.29,2026-03-25,21:59:30.29,2026-03-25T16:59:30.2998016-05:00,2026-03-25T21:59:30.2998016Z,SOU_RED,SOU_RED,FoulBallNotFieldable,Undefined,NoShift,,,,,,,,,,,,,,,"Mertens, Nathan",1000118443,"Grace, Ranard",1000076258,"Menth, Alexander",10180011,"Carroll, Andrew",1000138542,"Johnston, Gavin",1000214547,"Sauer, John-Paul",815663,"Keldsen, Joseph",10302057,true
94f9b3df-f1ff-47a1-b734-4368ac784bdc,34,f3ab3d40-2895-11f1-b116-bfab16f8f625,08164e7f-bf2f-4769-af50-144702fb0f7a,2026-03-25,16:59:51.76,2026-03-25,21:59:51.76,2026-03-25T16:59:51.7644800-05:00,2026-03-25T21:59:51.7644800Z,SOU_RED,SOU_RED,StrikeSwinging,Undefined,NoShift,,,,,,,,,,,,,,,"Mertens, Nathan",1000118443,"Grace, Ranard",1000076258,"Menth, Alexander",10180011,"Carroll, Andrew",1000138542,"Johnston, Gavin",1000214547,"Sauer, John-Paul",815663,"Keldsen, Joseph",10302057,true
94f9b3df-f1ff-47a1-b734-4368ac784bdc,35,03c14800-2896-11f1-b116-bfab16f8f625,a4c36094-6a59-40d3-b2c2-234d2bf68634,2026-03-25,17:00:18.73,2026-03-25,22:00:18.73,2026-03-25T17:00:18.7304448-05:00,2026-03-25T22:00:18.7304448Z,SOU_RED,SOU_RED,BallCalled,Undefined,NoShift,,,,,,,,,,,,,,,"Mertens, Nathan",1000118443,"Grace, Ranard",1000076258,"Menth, Alexander",10180011,"Carroll, Andrew",1000138542,"Johnston, Gavin",1000214547,"Sauer, John-Paul",815663,"Keldsen, Joseph",10302057,true
94f9b3df-f1ff-47a1-b734-4368ac784bdc,36,0e637300-2896-11f1-b116-bfab16f8f625,7dd5753e-cff4-457d-81f7-2d62cb789ad0,2026-03-25,17:00:36.60,2026-03-25,22:00:36.60,2026-03-25T17:00:36.6010880-05:00,2026-03-25T22:00:36.6010880Z,SOU_RED,SOU_RED,StrikeCalled,Undefined,NoShift,,,,,,,,,,,,,,,"Mertens, Nathan",1000118443,"Grace, Ranard",1000076258,"Menth, Alexander",10180011,"Carroll, Andrew",1000138542,"Johnston, Gavin",1000214547,"Sauer, John-Paul",815663,"Keldsen, Joseph",10302057,true
94f9b3df-f1ff-47a1-b734-4368ac784bdc,37,1a070870-2896-11f1-b116-bfab16f8f625,0392771a-6321-459c-98d5-24db89128889,2026-03-25,17:00:56.17,2026-03-25,22:00:56.17,2026-03-25T17:00:56.1753600-05:00,2026-03-25T22:00:56.1753600Z,SOU_RED,SOU_RED,FoulBallNotFieldable,Undefined,NoShift,,,,,,,,,285.83317,-116.92154,,,,,"Mertens, Nathan",1000118443,"Grace, Ranard",1000076258,"Menth, Alexander",10180011,"Carroll, Andrew",1000138542,"Johnston, Gavin",1000214547,"Sauer, John-Paul",815663,"Keldsen, Joseph",10302057,true
94f9b3df-f1ff-47a1-b734-4368ac784bdc,38,28b14e30-2896-11f1-b116-bfab16f8f625,3bb69566-5fa7-4014-abfe-f6979a92e094,2026-03-25,17:01:20.75,2026-03-25,22:01:20.75,2026-03-25T17:01:20.7533568-05:00,2026-03-25T22:01:20.7533568Z,SOU_RED,SOU_RED,FoulBallNotFieldable,Undefined,NoShift,,,,,,,,,285.20595,-108.43427,,,,,"Mertens, Nathan",1000118443,"Grace, Ranard",1000076258,"Menth, Alexander",10180011,"Carroll, Andrew",1000138542,"Johnston, Gavin",1000214547,"Sauer, John-Paul",815663,"Keldsen, Joseph",10302057,true
94f9b3df-f1ff-47a1-b734-4368ac784bdc,39,36c3c0c0-2896-11f1-b116-bfab16f8f625,b5c95400-e5f1-411c-b221-c96e9ca4f13a,2026-03-25,17:01:44.31,2026-03-25,22:01:44.31,2026-03-25T17:01:44.3129344-05:00,2026-03-25T22:01:44.3129344Z,SOU_RED,SOU_RED,BallCalled,Undefined,NoShift,,,,,,,,,,,373.57251,13.39289,,,"Mertens, Nathan",1000118443,"Grace, Ranard",1000076258,"Menth, Alexander",10180011,"Carroll, Andrew",1000138542,"Johnston, Gavin",1000214547,"Sauer, John-Paul",815663,"Keldsen, Joseph",10302057,true
94f9b3df-f1ff-47a1-b734-4368ac784bdc,40,4463c270-2896-11f1-b116-bfab16f8f625,d009e902-8e16-4a57-b35e-4ac6ba7a1214,2026-03-25,17:02:07.15,2026-03-25,22:02:07.15,2026-03-25T17:02:07.1597056-05:00,2026-03-25T22:02:07.1597056Z,SOU_RED,SOU_RED,BallCalled,Undefined,NoShift,,,,,,,,,,,359.17298,49.10613,,,"Mertens, Nathan",1000118443,"Grace, Ranard",1000076258,"Menth, Alexander",10180011,"Carroll, Andrew",1000138542,"Johnston, Gavin",1000214547,"Sauer, John-Paul",815663,"Keldsen, Joseph",10302057,true
94f9b3df-f1ff-47a1-b734-4368ac784bdc,41,53ead3a0-2896-11f1-b116-bfab16f8f625,8b87aad9-ec3c-413f-b3b7-64a07cbe1970,2026-03-25,17:02:33.21,2026-03-25,22:02:33.21,2026-03-25T17:02:33.2112384-05:00,2026-03-25T22:02:33.2112384Z,SOU_RED,SOU_RED,StrikeSwinging,Undefined,NoShift,,,,,,,,,,,,,272.97693,159.48556,"Mertens, Nathan",1000118443,"Grace, Ranard",1000076258,"Menth, Alexander",10180011,"Carroll, Andrew",1000138542,"Johnston, Gavin",1000214547,"Sauer, John-Paul",815663,"Keldsen, Joseph",10302057,true
94f9b3df-f1ff-47a1-b734-4368ac784bdc,42,66ec8ca0-2896-11f1-b116-bfab16f8f625,0e035cc8-d04a-4ce0-ad95-7c8b9a299bb8,2026-03-25,17:03:05.06,2026-03-25,22:03:05.06,2026-03-25T17:03:05.0606592-05:00,2026-03-25T22:03:05.0606592Z,SOU_RED,SOU_RED,BallCalled,Undefined,NoShift,,,,,,,,,,,352.72457,48.3781,246.21247,154.83876,"Mertens, Nathan",1000118443,"Grace, Ranard",1000076258,"Menth, Alexander",10180011,"Carroll, Andrew",1000138542,"Johnston, Gavin",1000214547,"Sauer, John-Paul",815663,"Keldsen, Joseph",10302057,true
94f9b3df-f1ff-47a1-b734-4368ac784bdc,43,705ec320-2896-11f1-b116-bfab16f8f625,aa5d30ee-66a8-434c-9952-41d21a94588f,2026-03-25,17:03:20.98,2026-03-25,22:03:20.98,2026-03-25T17:03:20.9858048-05:00,2026-03-25T22:03:20.9858048Z,SOU_RED,SOU_RED,BallCalled,Undefined,NoShift,,,,,,,,,,,,,206.26618,92.29884,"Mertens, Nathan",1000118443,"Grace, Ranard",1000076258,"Menth, Alexander",10180011,"Carroll, Andrew",1000138542,"Johnston, Gavin",1000214547,"Sauer, John-Paul",815663,"Keldsen, Joseph",10302057,true
94f9b3df-f1ff-47a1-b734-4368ac784bdc,44,7af6b4f0-2896-11f1-b116-bfab16f8f625,6b8cd5ee-1705-46b3-858d-12993c6e44de,2026-03-25,17:03:38.75,2026-03-25,22:03:38.75,2026-03-25T17:03:38.7570176-05:00,2026-03-25T22:03:38.7570176Z,SOU_RED,SOU_RED,BallCalled,Undefined,NoShift,,,174.72956,34.23886,,,,,,,,,,,"Mertens, Nathan",1000118443,"Grace, Ranard",1000076258,"Menth, Alexander",10180011,"Carroll, Andrew",1000138542,"Johnston, Gavin",1000214547,"Sauer, John-Paul",815663,"Keldsen, Joseph",10302057,true
94f9b3df-f1ff-47a1-b734-4368ac784bdc,45,85dee9a0-2896-11f1-b116-bfab16f8f625,c21340da-2172-4bf1-ae98-9092dcd883f6,2026-03-25,17:03:57.05,2026-03-25,22:03:57.05,2026-03-25T17:03:57.0550784-05:00,2026-03-25T22:03:57.0550784Z,SOU_RED,SOU_RED,InPlay,Double,NoShift,,,174.9297,34.2638,,,,,,,,,,,"Mertens, Nathan",1000118443,"Grace, Ranard",1000076258,"Menth, Alexander",10180011,"Carroll, Andrew",1000138542,"Johnston, Gavin",1000214547,"Sauer, John-Paul",815663,"Keldsen, Joseph",10302057,true
94f9b3df-f1ff-47a1-b734-4368ac784bdc,46,9369b5a0-2896-11f1-b116-bfab16f8f625,4648c16c-a3d5-42e5-9608-307dddb57909,2026-03-25,17:04:19.74,2026-03-25,22:04:19.74,2026-03-25T17:04:19.7481984-05:00,2026-03-25T22:04:19.7481984Z,SOU_RED,SOU_RED,StrikeCalled,Undefined,LeftInfieldShift,,,142.32147,-18.62687,,,,,,,364.64168,49.38819,,,"Mertens, Nathan",1000118443,"Grace, Ranard",1000076258,"Menth, Alexander",10180011,"Carroll, Andrew",1000138542,"Johnston, Gavin",1000214547,"Sauer, John-Paul",815663,"Keldsen, Joseph",10302057,true
94f9b3df-f1ff-47a1-b734-4368ac784bdc,47,9ce82120-2896-11f1-b116-bfab16f8f625,80d550eb-0cb6-46fe-9291-ea92af67aa2b,2026-03-25,17:04:35.70,2026-03-25,22:04:35.70,2026-03-25T17:04:35.7093888-05:00,2026-03-25T22:04:35.7093888Z,SOU_RED,SOU_RED,StrikeCalled,Undefined,LeftInfieldShift,,,,,96.4855,-70.02302,,,,,,,,,"Mertens, Nathan",1000118443,"Grace, Ranard",1000076258,"Menth, Alexander",10180011,"Carroll, Andrew",1000138542,"Johnston, Gavin",1000214547,"Sauer, John-Paul",815663,"Keldsen, Joseph",10302057,true
94f9b3df-f1ff-47a1-b734-4368ac784bdc,48,a7268140-2896-11f1-b116-bfab16f8f625,e306954b-2ee9-4bfb-a785-9b832fd12d50,2026-03-25,17:04:52.86,2026-03-25,22:04:52.86,2026-03-25T17:04:52.8630784-05:00,2026-03-25T22:04:52.8630784Z,SOU_RED,SOU_RED,InPlay,Out,NoShift,,,,,,,,,,,,,,,"Mertens, Nathan",1000118443,"Grace, Ranard",1000076258,"Menth, Alexander",10180011,"Carroll, Andrew",1000138542,"Johnston, Gavin",1000214547,"Sauer, John-Paul",815663,"Keldsen, Joseph",10302057,true
94f9b3df-f1ff-47a1-b734-4368ac784bdc,49,594bab20-2897-11f1-b116-bfab16f8f625,9f1ca440-0b71-4a46-8845-8be58079e78e,2026-03-25,17:09:51.71,2026-03-25,22:09:51.71,2026-03-25T17:09:51.7170176-05:00,2026-03-25T22:09:51.7170176Z,SOU_RED,SOU_RED,BallCalled,Undefined,NoShift,,,,,,,,,,,,,,,"Mertens, Nathan",1000118443,"Grace, Ranard",1000076258,"Menth, Alexander",10180011,"Carroll, Andrew",1000138542,"Johnston, Gavin",1000214547,"Sauer, John-Paul",815663,"Keldsen, Joseph",10302057,true
94f9b3df-f1ff-47a1-b734-4368ac784bdc,50,62fce670-2897-11f1-b116-bfab16f8f625,c783742f-9369-48c3-84a7-6377a7a79ea3,2026-03-25,17:10:07.97,2026-03-25,22:10:07.97,2026-03-25T17:10:07.9747584-05:00,2026-03-25T22:10:07.9747584Z,SOU_RED,SOU_RED,BallCalled,Undefined,NoShift,,,,,,,,,,,,,,,"Mertens, Nathan",1000118443,"Grace, Ranard",1000076258,"Menth, Alexander",10180011,"Carroll, Andrew",1000138542,"Johnston, Gavin",1000214547,"Sauer, John-Paul",815663,"Keldsen, Joseph",10302057,true
94f9b3df-f1ff-47a1-b734-4368ac784bdc,51,6c21c040-2897-11f1-b116-bfab16f8f625,62e9fd8c-b4e6-4ac1-a6cd-259532fa4fd9,2026-03-25,17:10:23.34,2026-03-25,22:10:23.34,2026-03-25T17:10:23.3421824-05:00,2026-03-25T22:10:23.3421824Z,SOU_RED,SOU_RED,HitByPitch,Undefined,NoShift,,,,,,,,,,,,,,,"Mertens, Nathan",1000118443,"Grace, Ranard",1000076258,"Menth, Alexander",10180011,"Carroll, Andrew",1000138542,"Johnston, Gavin",1000214547,"Sauer, John-Paul",815663,"Keldsen, Joseph",10302057,true
94f9b3df-f1ff-47a1-b734-4368ac784bdc,52,7d369d60-2897-11f1-b116-bfab16f8f625,694ff94c-5083-4078-87b6-9e4aac5e44d3,2026-03-25,17:10:51.98,2026-03-25,22:10:51.98,2026-03-25T17:10:51.9894016-05:00,2026-03-25T22:10:51.9894016Z,SOU_RED,SOU_RED,BallCalled,Undefined,NoShift,,,,,,,,,,,357.83136,48.35843,,,"Mertens, Nathan",1000118443,"Grace, Ranard",1000076258,"Menth, Alexander",10180011,"Carroll, Andrew",1000138542,"Johnston, Gavin",1000214547,"Sauer, John-Paul",815663,"Keldsen, Joseph",10302057,true
94f9b3df-f1ff-47a1-b734-4368ac784bdc,53,8a2b6af0-2897-11f1-b116-bfab16f8f625,abafca4d-2e2b-4cf9-9e42-aa33992b9044,2026-03-25,17:11:13.70,2026-03-25,22:11:13.70,2026-03-25T17:11:13.7024000-05:00,2026-03-25T22:11:13.7024000Z,SOU_RED,SOU_RED,StrikeCalled,Undefined,NoShift,,,,,,,,,,,356.45312,48.29533,,,"Mertens, Nathan",1000118443,"Grace, Ranard",1000076258,"Menth, Alexander",10180011,"Carroll, Andrew",1000138542,"Johnston, Gavin",1000214547,"Sauer, John-Paul",815663,"Keldsen, Joseph",10302057,true
94f9b3df-f1ff-47a1-b734-4368ac784bdc,54,94583ee0-2897-11f1-b116-bfab16f8f625,81daf235-149e-4adc-a51a-1c1e7962ebb3,2026-03-25,17:11:30.79,2026-03-25,22:11:30.79,2026-03-25T17:11:30.7975168-05:00,2026-03-25T22:11:30.7975168Z,SOU_RED,SOU_RED,InPlay,Double,NoShift,,,,,,,,,285.48145,-117.1281,351.86726,47.4573,,,"Mertens, Nathan",1000118443,"Grace, Ranard",1000076258,"Menth, Alexander",10180011,"Carroll, Andrew",1000138542,"Johnston, Gavin",1000214547,"Sauer, John-Paul",815663,"Keldsen, Joseph",10302057,true
94f9b3df-f1ff-47a1-b734-4368ac784bdc,55,a0691510-2897-11f1-b116-bfab16f8f625,444b5302-6654-4145-ac2b-6b0735862ac3,2026-03-25,17:11:50.97,2026-03-25,22:11:50.97,2026-03-25T17:11:50.9704192-05:00,2026-03-25T22:11:50.9704192Z,SOU_RED,SOU_RED,BallCalled,Undefined,NoShift,,,,,,,,,,,,,,,"Mertens, Nathan",1000118443,"Grace, Ranard",1000076258,"Menth, Alexander",10180011,"Carroll, Andrew",1000138542,"Johnston, Gavin",1000214547,"Sauer, John-Paul",815663,"Keldsen, Joseph",10302057,true
94f9b3df-f1ff-47a1-b734-4368ac784bdc,56,aaa6d8f0-2897-11f1-b116-bfab16f8f625,0e3f16d4-30bf-4614-81a9-c340e63f9090,2026-03-25,17:12:08.19,2026-03-25,22:12:08.19,2026-03-25T17:12:08.1941504-05:00,2026-03-25T22:12:08.1941504Z,SOU_RED,SOU_RED,BallCalled,Undefined,NoShift,,,,,,,,,,,364.45079,49.37229,,,"Mertens, Nathan",1000118443,"Grace, Ranard",1000076258,"Menth, Alexander",10180011,"Carroll, Andrew",1000138542,"Johnston, Gavin",1000214547,"Sauer, John-Paul",815663,"Keldsen, Joseph",10302057,true
94f9b3df-f1ff-47a1-b734-4368ac784bdc,57,b43ac840-2897-11f1-b116-bfab16f8f625,34955719-f1a2-41c5-89d4-58fce5ee963d,2026-03-25,17:12:24.26,2026-03-25,22:12:24.26,2026-03-25T17:12:24.2634752-05:00,2026-03-25T22:12:24.2634752Z,SOU_RED,SOU_RED,FoulBallNotFieldable,Undefined,NoShift,,,,,,,,,,,,,,,"Mertens, Nathan",1000118443,"Grace, Ranard",1000076258,"Menth, Alexander",10180011,"Carroll, Andrew",1000138542,"Johnston, Gavin",1000214547,"Sauer, John-Paul",815663,"Keldsen, Joseph",10302057,true
94f9b3df-f1ff-47a1-b734-4368ac784bdc,58,bf154150-2897-11f1-b116-bfab16f8f625,417adb6f-d902-44d7-897b-309b2e788a89,2026-03-25,17:12:42.52,2026-03-25,22:12:42.52,2026-03-25T17:12:42.5273856-05:00,2026-03-25T22:12:42.5273856Z,SOU_RED,SOU_RED,InPlay,Double,NoShift,,,,,,,,,276.64683,-113.14198,350.66916,47.34574,,,"Mertens, Nathan",1000118443,"Grace, Ranard",1000076258,"Menth, Alexander",10180011,"Carroll, Andrew",1000138542,"Johnston, Gavin",1000214547,"Sauer, John-Paul",815663,"Keldsen, Joseph",10302057,true
94f9b3df-f1ff-47a1-b734-4368ac784bdc,59,ccb961b0-2897-11f1-b116-bfab16f8f625,2cce1d1e-e6f9-4d74-b85b-f753673dd94a,2026-03-25,17:13:05.37,2026-03-25,22:13:05.37,2026-03-25T17:13:05.3751296-05:00,2026-03-25T22:13:05.3751296Z,SOU_RED,SOU_RED,BallCalled,Undefined,NoShift,,,,,,,,,,,360.06381,48.7668,,,"Mertens, Nathan",1000118443,"Grace, Ranard",1000076258,"Menth, Alexander",10180011,"Carroll, Andrew",1000138542,"Johnston, Gavin",1000214547,"Sauer, John-Paul",815663,"Keldsen, Joseph",10302057,true
94f9b3df-f1ff-47a1-b734-4368ac784bdc,60,d5f4f7d0-2897-11f1-b116-bfab16f8f625,cac82154-18dc-4a1a-91d7-36da4c6b9a04,2026-03-25,17:13:20.85,2026-03-25,22:13:20.85,2026-03-25T17:13:20.8551424-05:00,2026-03-25T22:13:20.8551424Z,SOU_RED,SOU_RED,StrikeCalled,Undefined,NoShift,,,,,,,,,,,,,,,"Mertens, Nathan",1000118443,"Grace, Ranard",1000076258,"Menth, Alexander",10180011,"Carroll, Andrew",1000138542,"Johnston, Gavin",1000214547,"Sauer, John-Paul",815663,"Keldsen, Joseph",10302057,true
94f9b3df-f1ff-47a1-b734-4368ac784bdc,61,e1af70a0-2897-11f1-b116-bfab16f8f625,5b37dc4f-ec2b-46e9-8989-b83ae3c7f60b,2026-03-25,17:13:40.53,2026-03-25,22:13:40.53,2026-03-25T17:13:40.5306368-05:00,2026-03-25T22:13:40.5306368Z,SOU_RED,SOU_RED,BallCalled,Undefined,NoShift,,,,,,,,,,,,,,,"Mertens, Nathan",1000118443,"Grace, Ranard",1000076258,"Menth, Alexander",10180011,"Carroll, Andrew",1000138542,"Johnston, Gavin",1000214547,"Sauer, John-Paul",815663,"Keldsen, Joseph",10302057,true
94f9b3df-f1ff-47a1-b734-4368ac784bdc,62,ecf2e4b0-2897-11f1-b116-bfab16f8f625,7932ae3f-d811-4b88-a430-7c35fb859c5c,2026-03-25,17:13:59.40,2026-03-25,22:13:59.40,2026-03-25T17:13:59.4082304-05:00,2026-03-25T22:13:59.4082304Z,SOU_RED,SOU_RED,InPlay,Out,NoShift,,,,,,,,,,,,,,,"Mertens, Nathan",1000118443,"Grace, Ranard",1000076258,"Menth, Alexander",10180011,"Carroll, Andrew",1000138542,"Johnston, Gavin",1000214547,"Sauer, John-Paul",815663,"Keldsen, Joseph",10302057,true
94f9b3df-f1ff-47a1-b734-4368ac784bdc,63,fe7e5160-2897-11f1-b116-bfab16f8f625,23af3058-0d24-401e-8dd2-1984b7e364b3,2026-03-25,17:14:28.88,2026-03-25,22:14:28.88,2026-03-25T17:14:28.8830464-05:00,2026-03-25T22:14:28.8830464Z,SOU_RED,SOU_RED,InPlay,Out,NoShift,,,,,,,,,,,,,,,"Mertens, Nathan",1000118443,"Grace, Ranard",1000076258,"Menth, Alexander",10180011,"Carroll, Andrew",1000138542,"Johnston, Gavin",1000214547,"Sauer, John-Paul",815663,"Keldsen, Joseph",10302057,true
94f9b3df-f1ff-47a1-b734-4368ac784bdc,64,0e9b6100-2898-11f1-b116-bfab16f8f625,54e11640-4af5-453e-b213-e12a596b712a,2026-03-25,17:14:55.86,2026-03-25,22:14:55.86,2026-03-25T17:14:55.8629376-05:00,2026-03-25T22:14:55.8629376Z,SOU_RED,SOU_RED,FoulBallNotFieldable,Undefined,NoShift,,,,,,,,,,,342.95348,46.55432,,,"Mertens, Nathan",1000118443,"Grace, Ranard",1000076258,"Menth, Alexander",10180011,"Carroll, Andrew",1000138542,"Johnston, Gavin",1000214547,"Sauer, John-Paul",815663,"Keldsen, Joseph",10302057,true
94f9b3df-f1ff-47a1-b734-4368ac784bdc,65,1bb71780-2898-11f1-b116-bfab16f8f625,d909f63f-2e91-4c9b-8e99-cfbed29fb48f,2026-03-25,17:15:17.86,2026-03-25,22:15:17.86,2026-03-25T17:15:17.8600960-05:00,2026-03-25T22:15:17.8600960Z,SOU_RED,SOU_RED,BallCalled,Undefined,NoShift,,,,,,,,,,,,,,,"Mertens, Nathan",1000118443,"Grace, Ranard",1000076258,"Menth, Alexander",10180011,"Carroll, Andrew",1000138542,"Johnston, Gavin",1000214547,"Sauer, John-Paul",815663,"Keldsen, Joseph",10302057,true
94f9b3df-f1ff-47a1-b734-4368ac784bdc,66,277735a0-2898-11f1-b116-bfab16f8f625,d0e978d1-5aa9-4024-9dbd-d299cc176ea7,2026-03-25,17:15:37.60,2026-03-25,22:15:37.60,2026-03-25T17:15:37.6054272-05:00,2026-03-25T22:15:37.6054272Z,SOU_RED,SOU_RED,FoulBallNotFieldable,Undefined,NoShift,,,,,,,,,,,,,,,"Mertens, Nathan",1000118443,"Grace, Ranard",1000076258,"Menth, Alexander",10180011,"Carroll, Andrew",1000138542,"Johnston, Gavin",1000214547,"Sauer, John-Paul",815663,"Keldsen, Joseph",10302057,true
94f9b3df-f1ff-47a1-b734-4368ac784bdc,67,3820a6c0-2898-11f1-b116-bfab16f8f625,b6b413c8-c2dd-4102-93d2-5636c04c5c0c,2026-03-25,17:16:05.54,2026-03-25,22:16:05.54,2026-03-25T17:16:05.5461888-05:00,2026-03-25T22:16:05.5461888Z,SOU_RED,SOU_RED,StrikeSwinging,Undefined,NoShift,,,,,,,,,,,,,,,"Mertens, Nathan",1000118443,"Grace, Ranard",1000076258,"Menth, Alexander",10180011,"Carroll, Andrew",1000138542,"Johnston, Gavin",1000214547,"Sauer, John-Paul",815663,"Keldsen, Joseph",10302057,true