session_id,play_id,camera_slot,camera_name,camera_target,video_type,azure_blob,azure_md5,cloudinary_url,cloudinary_public_id,uploaded_at
7d1748cb-c279-4549-b124-8d6820b496de,30354b83-5df6-4815-b6d9-8345ee85b33b,VideoClip2,ManualCamera,ManualUpload,ManualVideo,NA,NA,https://res.cloudinary.com/pitchingcoachu/video/upload/v1768973029/0_vewhaa.mov,0_vewhaa,2026-01-21 05:23:51
2331931b-0da7-49fe-83af-2c7f6c91774f,0166bdd9-84d4-4ba0-ad47-9133e854feef,VideoClip,iPhone,,iPhoneVideos,Plays/0166bdd9-84d4-4ba0-ad47-9133e854feef/iPhone/0063480e-0523-44c6-855f-97794835a924.mov,b9FGW2sFOOfITZ9XHE3Yyg==,https://res.cloudinary.com/pitchingcoachu/video/upload/v1769982350/trackman/2331931b-0da7-49fe-83af-2c7f6c91774f/VideoClip/0166bdd9-84d.mov,trackman/2331931b-0da7-49fe-83af-2c7f6c91774f/VideoClip/0166bdd9-84d,2026-02-01T21:47:09Z
2331931b-0da7-49fe-83af-2c7f6c91774f,01a56138-8f60-4c65-9568-909999fa5ee2,VideoClip,iPhone,,iPhoneVideos,Plays/01a56138-8f60-4c65-9568-909999fa5ee2/iPhone/94579f63-84e9-4e75-9376-6459082b0c25.mov,EiSb4MBu19fMdrLmepyemw==,https://res.cloudinary.com/pitchingcoachu/video/upload/v1769982354/trackman/2331931b-0da7-49fe-83af-2c7f6c91774f/VideoClip/01a56138-8f6.mov,trackman/2331931b-0da7-49fe-83af-2c7f6c91774f/VideoClip/01a56138-8f6,2026-02-01T21:47:09Z
2331931b-0da7-49fe-83af-2c7f6c91774f,08d2f280-1b6f-44eb-9b56-cb6e9e9f176d,VideoClip2,iPhone,,iPhoneVideos,Plays/08d2f280-1b6f-44eb-9b56-cb6e9e9f176d/iPhone/591555a2-2540-49f2-ad52-9aaac2904359.mov,bfjXkMjZycsh4RQten7kVw==,https://res.cloudinary.com/pitchingcoachu/video/upload/v1769982359/trackman/2331931b-0da7-49fe-83af-2c7f6c91774f/VideoClip2/08d2f280-1b6.mov,trackman/2331931b-0da7-49fe-83af-2c7f6c91774f/VideoClip2/08d2f280-1b6,2026-02-01T21:47:09Z
2331931b-0da7-49fe-83af-2c7f6c91774f,08ff55c3-89d1-4121-8bd3-bee3ce73e2a8,VideoClip3,iPhone,,iPhoneVideos,Plays/08ff55c3-89d1-4121-8bd3-bee3ce73e2a8/iPhone/10012534-d418-473b-8f29-e2e006aa0b38.mov,0ZBMae/dn3opOdXB6sXyKg==,https://res.cloudinary.com/pitchingcoachu/video/upload/v1769982360/trackman/2331931b-0da7-49fe-83af-2c7f6c91774f/VideoClip3/08ff55c3-89d.mov,trackman/2331931b-0da7-49fe-83af-2c7f6c91774f/VideoClip3/08ff55c3-89d,2026-02-01T21:47:10Z
2331931b-0da7-49fe-83af-2c7f6c91774f,09afb22d-0632-42bc-82b1-df576c629f9c,VideoClip2,iPhone,,iPhoneVideos,Plays/09afb22d-0632-42bc-82b1-df576c629f9c/iPhone/049a103c-3bd9-41b9-9b29-1132e7e6434c.mov,fdoUi2HsuroVqgq0a7skEw==,https://res.cloudinary.com/pitchingcoachu/video/upload/v1769982361/trackman/2331931b-0da7-49fe-83af-2c7f6c91774f/VideoClip2/09afb22d-063.mov,trackman/2331931b-0da7-49fe-83af-2c7f6c91774f/VideoClip2/09afb22d-063,2026-02-01T21:47:10Z
2331931b-0da7-49fe-83af-2c7f6c91774f,0aa5834b-fc8d-4819-9681-41185ed19dd4,VideoClip3,iPhone,,iPhoneVideos,Plays/0aa5834b-fc8d-4819-9681-41185ed19dd4/iPhone/3b5287a0-9036-4275-9ddb-06aa9f530837.mov,ahC32c5wxwpArUNHNCl9Kw==,https://res.cloudinary.com/pitchingcoachu/video/upload/v1769982363/trackman/2331931b-0da7-49fe-83af-2c7f6c91774f/VideoClip3/0aa5834b-fc8.mov,trackman/2331931b-0da7-49fe-83af-2c7f6c91774f/VideoClip3/0aa5834b-fc8,2026-02-01T21:47:10Z
2331931b-0da7-49fe-83af-2c7f6c91774f,0c08417e-b41a-474b-9263-191362f904ab,VideoClip,iPhone,,iPhoneVideos,Plays/0c08417e-b41a-474b-9263-191362f904ab/iPhone/3aa13efc-4234-4287-8874-f505a4e646e3.mov,/L7E1pRFCexcwFLpCE/8/A==,https://res.cloudinary.com/pitchingcoachu/video/upload/v1769982364/trackman/2331931b-0da7-49fe-83af-2c7f6c91774f/VideoClip/0c08417e-b41.mov,trackman/2331931b-0da7-49fe-83af-2c7f6c91774f/VideoClip/0c08417e-b41,2026-02-01T21:47:10Z
2331931b-0da7-49fe-83af-2c7f6c91774f,0dce3c78-3a26-4a64-90a8-d484f2217885,VideoClip2,iPhone,,iPhoneVideos,Plays/0dce3c78-3a26-4a64-90a8-d484f2217885/iPhone/8dc271b1-763a-444a-93ba-df45a8610deb.mov,LdB6nWJD+FWeZBeGi/M/Tw==,https://res.cloudinary.com/pitchingcoachu/video/upload/v1769982366/trackman/2331931b-0da7-49fe-83af-2c7f6c91774f/VideoClip2/0dce3c78-3a2.mov,trackman/2331931b-0da7-49fe-83af-2c7f6c91774f/VideoClip2/0dce3c78-3a2,2026-02-01T21:47:11Z
2331931b-0da7-49fe-83af-2c7f6c91774f,11ecc081-bda0-48d7-a4b2-092f22798443,VideoClip,iPhone,,iPhoneVideos,Plays/11ecc081-bda0-48d7-a4b2-092f22798443/iPhone/c2e29b8a-120b-4193-9a29-8ec7f77629c7.mov,iWACzj9BkfGKbIwKFubcyg==,https://res.cloudinary.com/pitchingcoachu/video/upload/v1769982367/trackman/2331931b-0da7-49fe-83af-2c7f6c91774f/VideoClip/11ecc081-bda.mov,trackman/2331931b-0da7-49fe-83af-2c7f6c91774f/VideoClip/11ecc081-bda,2026-02-01T21:47:11Z
2331931b-0da7-49fe-83af-2c7f6c91774f,12b671a7-b05f-49f6-92f5-bc2151de5913,VideoClip3,iPhone,,iPhoneVideos,Plays/12b671a7-b05f-49f6-92f5-bc2151de5913/iPhone/3c978b73-9e8d-4045-83ba-9a8eb879790e.mov,2ZZDPmbtz05VlFApCh2PhQ==,https://res.cloudinary.com/pitchingcoachu/video/upload/v1769982369/trackman/2331931b-0da7-49fe-83af-2c7f6c91774f/VideoClip3/12b671a7-b05.mov,trackman/2331931b-0da7-49fe-83af-2c7f6c91774f/VideoClip3/12b671a7-b05,2026-02-01T21:47:11Z
2331931b-0da7-49fe-83af-2c7f6c91774f,153e6870-bd95-401a-ad84-ea65bdfe891b,VideoClip2,iPhone,,iPhoneVideos,Plays/153e6870-bd95-401a-ad84-ea65bdfe891b/iPhone/7301c4c5-5225-4024-ae6d-8e963d367776.mov,cJv79P6UiKE+OumaBWmF2g==,https://res.cloudinary.com/pitchingcoachu/video/upload/v1769982370/trackman/2331931b-0da7-49fe-83af-2c7f6c91774f/VideoClip2/153e6870-bd9.mov,trackman/2331931b-0da7-49fe-83af-2c7f6c91774f/VideoClip2/153e6870-bd9,2026-02-01T21:47:12Z
2331931b-0da7-49fe-83af-2c7f6c91774f,163f3ec5-61ba-4d7e-b3dc-1991264d7427,VideoClip2,iPhone,,iPhoneVideos,Plays/163f3ec5-61ba-4d7e-b3dc-1991264d7427/iPhone/abcfb313-871c-494b-b6a8-949f0e99a8b5.mov,l/ZRV/hugGLIg4dM6bGwtg==,https://res.cloudinary.com/pitchingcoachu/video/upload/v1769982372/trackman/2331931b-0da7-49fe-83af-2c7f6c91774f/VideoClip2/163f3ec5-61b.mov,trackman/2331931b-0da7-49fe-83af-2c7f6c91774f/VideoClip2/163f3ec5-61b,2026-02-01T21:47:12Z
2331931b-0da7-49fe-83af-2c7f6c91774f,176b2f35-63e3-40fb-ac2d-6d19152e4723,VideoClip,iPhone,,iPhoneVideos,Plays/176b2f35-63e3-40fb-ac2d-6d19152e4723/iPhone/c1e7c001-8788-47b4-bd9f-358623dab26d.mov,io1igePPBgcasYOg9zZLiQ==,https://res.cloudinary.com/pitchingcoachu/video/upload/v1769982374/trackman/2331931b-0da7-49fe-83af-2c7f6c91774f/VideoClip/176b2f35-63e.mov,trackman/2331931b-0da7-49fe-83af-2c7f6c91774f/VideoClip/176b2f35-63e,2026-02-01T21:47:12Z
2331931b-0da7-49fe-83af-2c7f6c91774f,188252d9-98ca-4f02-bf74-3a773e4ec688,VideoClip,iPhone,,iPhoneVideos,Plays/188252d9-98ca-4f02-bf74-3a773e4ec688/iPhone/4af1cc64-c687-42fc-800a-71e46dd5776a.mov,bZpJhs8RH2RmG8NEzxmnng==,https://res.cloudinary.com/pitchingcoachu/video/upload/v1769982376/trackman/2331931b-0da7-49fe-83af-2c7f6c91774f/VideoClip/188252d9-98c.mov,trackman/2331931b-0da7-49fe-83af-2c7f6c91774f/VideoClip/188252d9-98c,2026-02-01T21:47:12Z
2331931b-0da7-49fe-83af-2c7f6c91774f,1be79cb3-de3c-4498-a693-922afd2c0ba7,VideoClip2,iPhone,,iPhoneVideos,Plays/1be79cb3-de3c-4498-a693-922afd2c0ba7/iPhone/c80eeaa7-31ce-4187-8ec7-4c2dc68fbc60.mov,o7BaQhyouT8qI9xqpClqjg==,https://res.cloudinary.com/pitchingcoachu/video/upload/v1769982378/trackman/2331931b-0da7-49fe-83af-2c7f6c91774f/VideoClip2/1be79cb3-de3.mov,trackman/2331931b-0da7-49fe-83af-2c7f6c91774f/VideoClip2/1be79cb3-de3,2026-02-01T21:47:13Z
2331931b-0da7-49fe-83af-2c7f6c91774f,1def985b-67c7-491c-b838-ceac15abe29d,VideoClip,iPhone,,iPhoneVideos,Plays/1def985b-67c7-491c-b838-ceac15abe29d/iPhone/1e79a806-d909-42ea-a047-dfa18ed33591.mov,0dcqZ//b2FMLxo/cXxbfRQ==,https://res.cloudinary.com/pitchingcoachu/video/upload/v1769982379/trackman/2331931b-0da7-49fe-83af-2c7f6c91774f/VideoClip/1def985b-67c.mov,trackman/2331931b-0da7-49fe-83af-2c7f6c91774f/VideoClip/1def985b-67c,2026-02-01T21:47:13Z
2331931b-0da7-49fe-83af-2c7f6c91774f,1f8f7904-ba12-446e-9761-5b41c0c3f494,VideoClip,iPhone,,iPhoneVideos,Plays/1f8f7904-ba12-446e-9761-5b41c0c3f494/iPhone/b25e2804-7dbd-4596-9316-7666a1744c27.mov,WPcFr3HyfzsHVWlf61WUXg==,https://res.cloudinary.com/pitchingcoachu/video/upload/v1769982380/trackman/2331931b-0da7-49fe-83af-2c7f6c91774f/VideoClip/1f8f7904-ba1.mov,trackman/2331931b-0da7-49fe-83af-2c7f6c91774f/VideoClip/1f8f7904-ba1,2026-02-01T21:47:13Z
2331931b-0da7-49fe-83af-2c7f6c91774f,1ffec73f-8866-4b71-9caa-430db0a0c6fd,VideoClip,iPhone,,iPhoneVideos,Plays/1ffec73f-8866-4b71-9caa-430db0a0c6fd/iPhone/48acea0f-754b-4494-a456-c75df3993c12.mov,dGsG2Vi3MriplfOvJtcWaw==,https://res.cloudinary.com/pitchingcoachu/video/upload/v1769982382/trackman/2331931b-0da7-49fe-83af-2c7f6c91774f/VideoClip/1ffec73f-886.mov,trackman/2331931b-0da7-49fe-83af-2c7f6c91774f/VideoClip/1ffec73f-886,2026-02-01T21:47:13Z
2331931b-0da7-49fe-83af-2c7f6c91774f,25154fab-803d-4bce-9f3c-a6f06882350d,VideoClip,iPhone,,iPhoneVideos,Plays/25154fab-803d-4bce-9f3c-a6f06882350d/iPhone/6aee32dd-7a2a-4f3a-a784-e85de8908577.mov,FprXetPuTgI1CNePw0ssIg==,https://res.cloudinary.com/pitchingcoachu/video/upload/v1769982383/trackman/2331931b-0da7-49fe-83af-2c7f6c91774f/VideoClip/25154fab-803.mov,trackman/2331931b-0da7-49fe-83af-2c7f6c91774f/VideoClip/25154fab-803,2026-02-01T21:47:14Z
2331931b-0da7-49fe-83af-2c7f6c91774f,26816923-9192-41ed-aefc-2cb303e55a1d,VideoClip,iPhone,,iPhoneVideos,Plays/26816923-9192-41ed-aefc-2cb303e55a1d/iPhone/28dd2468-12be-40b5-a367-ccbe04dc38ee.mov,hqmDNWu8PxbRVGKi+/GnCw==,https://res.cloudinary.com/pitchingcoachu/video/upload/v1769982384/trackman/2331931b-0da7-49fe-83af-2c7f6c91774f/VideoClip/26816923-919.mov,trackman/2331931b-0da7-49fe-83af-2c7f6c91774f/VideoClip/26816923-919,2026-02-01T21:47:14Z
2331931b-0da7-49fe-83af-2c7f6c91774f,2695dcac-846d-456f-8548-692a0eac5efc,VideoClip,iPhone,,iPhoneVideos,Plays/2695dcac-846d-456f-8548-692a0eac5efc/iPhone/3629d73c-9d34-47c4-8686-eec3360a3029.mov,QSPb1rFkPyuHyugpuyfu+A==,https://res.cloudinary.com/pitchingcoachu/video/upload/v1769982386/trackman/2331931b-0da7-49fe-83af-2c7f6c91774f/VideoClip/2695dcac-846.mov,trackman/2331931b-0da7-49fe-83af-2c7f6c91774f/VideoClip/2695dcac-846,2026-02-01T21:47:14Z
2331931b-0da7-49fe-83af-2c7f6c91774f,286f2d0c-2cc6-4f7b-94f4-25fd18155338,VideoClip,iPhone,,iPhoneVideos,Plays/286f2d0c-2cc6-4f7b-94f4-25fd18155338/iPhone/aae12638-497e-467a-8611-c5a767f9eb30.mov,Ew0iKDQrTGQdrNJRnu865w==,https://res.cloudinary.com/pitchingcoachu/video/upload/v1769982387/trackman/2331931b-0da7-49fe-83af-2c7f6c91774f/VideoClip/286f2d0c-2cc.mov,trackman/2331931b-0da7-49fe-83af-2c7f6c91774f/VideoClip/286f2d0c-2cc,2026-02-01T21:47:15Z
2331931b-0da7-49fe-83af-2c7f6c91774f,298777be-5e4e-4ced-a1ee-52051dcbc91b,VideoClip2,iPhone,,iPhoneVideos,Plays/298777be-5e4e-4ced-a1ee-52051dcbc91b/iPhone/8f27180d-9a86-41eb-ab6c-b34f27106aba.mov,vlFx57c9PJ5oQkD4UVSyaw==,https://res.cloudinary.com/pitchingcoachu/video/upload/v1769982389/trackman/2331931b-0da7-49fe-83af-2c7f6c91774f/VideoClip2/298777be-5e4.mov,trackman/2331931b-0da7-49fe-83af-2c7f6c91774f/VideoClip2/298777be-5e4,2026-02-01T21:47:15Z
2331931b-0da7-49fe-83af-2c7f6c91774f,2c5f5a71-a156-410a-b5cf-3dd745fad7db,VideoClip,iPhone,,iPhoneVideos,Plays/2c5f5a71-a156-410a-b5cf-3dd745fad7db/iPhone/0de4493f-a350-4585-9e43-27073efa3aec.mov,z3VdSjsWAxclmPcwLKh+7Q==,https://res.cloudinary.com/pitchingcoachu/video/upload/v1769982391/trackman/2331931b-0da7-49fe-83af-2c7f6c91774f/VideoClip/2c5f5a71-a15.mov,trackman/2331931b-0da7-49fe-83af-2c7f6c91774f/VideoClip/2c5f5a71-a15,2026-02-01T21:47:15Z
2331931b-0da7-49fe-83af-2c7f6c91774f,2c7d47aa-9e84-416c-8dec-130271643de5,VideoClip,iPhone,,iPhoneVideos,Plays/2c7d47aa-9e84-416c-8dec-130271643de5/iPhone/c83ee821-a2ab-403f-bf33-7d4ac5ae1597.mov,/EJPYIGv37Pz/Nm1zm4DFQ==,https://res.cloudinary.com/pitchingcoachu/video/upload/v1769982392/trackman/2331931b-0da7-49fe-83af-2c7f6c91774f/VideoClip/2c7d47aa-9e8.mov,trackman/2331931b-0da7-49fe-83af-2c7f6c91774f/VideoClip/2c7d47aa-9e8,2026-02-01T21:47:15Z
2331931b-0da7-49fe-83af-2c7f6c91774f,30a17cf9-46bb-471c-b06e-e5c8b61aba63,VideoClip,iPhone,,iPhoneVideos,Plays/30a17cf9-46bb-471c-b06e-e5c8b61aba63/iPhone/68d2d076-2605-4b7c-9a72-d11fb6a282a4.mov,sqIZGPT5Eaf/ylgWXKeELg==,https://res.cloudinary.com/pitchingcoachu/video/upload/v1769982394/trackman/2331931b-0da7-49fe-83af-2c7f6c91774f/VideoClip/30a17cf9-46b.mov,trackman/2331931b-0da7-49fe-83af-2c7f6c91774f/VideoClip/30a17cf9-46b,2026-02-01T21:47:16Z
2331931b-0da7-49fe-83af-2c7f6c91774f,3166ebec-b140-4b23-a66f-52329d928591,VideoClip2,iPhone,,iPhoneVideos,Plays/3166ebec-b140-4b23-a66f-52329d928591/iPhone/9b966b13-8965-40b1-b5c2-fcd1b0f98e73.mov,lR9YaIqKk96a2NMx2MmNpw==,https://res.cloudinary.com/pitchingcoachu/video/upload/v1769982395/trackman/2331931b-0da7-49fe-83af-2c7f6c91774f/VideoClip2/3166ebec-b14.mov,trackman/2331931b-0da7-49fe-83af-2c7f6c91774f/VideoClip2/3166ebec-b14,2026-02-01T21:47:16Z
2331931b-0da7-49fe-83af-2c7f6c91774f,32d6027d-4143-4659-9b6a-ad4494b65164,VideoClip,iPhone,,iPhoneVideos,Plays/32d6027d-4143-4659-9b6a-ad4494b65164/iPhone/b5050d48-c560-4472-8639-4c72d14e5e0b.mov,B5UnsKYACmPgCQN9hTa/mg==,https://res.cloudinary.com/pitchingcoachu/video/upload/v1769982397/trackman/2331931b-0da7-49fe-83af-2c7f6c91774f/VideoClip/32d6027d-414.mov,trackman/2331931b-0da7-49fe-83af-2c7f6c91774f/VideoClip/32d6027d-414,2026-02-01T21:47:16Z
2331931b-0da7-49fe-83af-2c7f6c91774f,36bc6932-5553-4a0c-9bd1-9c974c5f7a49,VideoClip,iPhone,,iPhoneVideos,Plays/36bc6932-5553-4a0c-9bd1-9c974c5f7a49/iPhone/b2fc6cce-a3fa-4ad6-a28b-04170191e558.mov,/gy3VvR3gidD+q32ACTC3Q==,https://res.cloudinary.com/pitchingcoachu/video/upload/v1769982398/trackman/2331931b-0da7-49fe-83af-2c7f6c91774f/VideoClip/36bc6932-555.mov,trackman/2331931b-0da7-49fe-83af-2c7f6c91774f/VideoClip/36bc6932-555,2026-02-01T21:47:17Z
2331931b-0da7-49fe-83af-2c7f6c91774f,3a4bc54a-f958-4a5f-9e2f-4359c46c59dd,VideoClip3,iPhone,,iPhoneVideos,Plays/3a4bc54a-f958-4a5f-9e2f-4359c46c59dd/iPhone/9b80c7ae-8a03-4029-8fcc-fdf8953b04e4.mov,3Jllc7pHl8JWm6ib6sW8pw==,https://res.cloudinary.com/pitchingcoachu/video/upload/v1769982399/trackman/2331931b-0da7-49fe-83af-2c7f6c91774f/VideoClip3/3a4bc54a-f95.mov,trackman/2331931b-0da7-49fe-83af-2c7f6c91774f/VideoClip3/3a4bc54a-f95,2026-02-01T21:47:17Z
2331931b-0da7-49fe-83af-2c7f6c91774f,3cd8ea65-fd80-438d-b0f6-8d5caf55f77e,VideoClip,iPhone,,iPhoneVideos,Plays/3cd8ea65-fd80-438d-b0f6-8d5caf55f77e/iPhone/5175cd92-b8b9-4ab1-986d-9db3223e0c21.mov,+DP4zelX9LKd71Vu6WyHPg==,https://res.cloudinary.com/pitchingcoachu/video/upload/v1769982401/trackman/2331931b-0da7-49fe-83af-2c7f6c91774f/VideoClip/3cd8ea65-fd8.mov,trackman/2331931b-0da7-49fe-83af-2c7f6c91774f/VideoClip/3cd8ea65-fd8,2026-02-01T21:47:17Z
2331931b-0da7-49fe-83af-2c7f6c91774f,3dc0e239-6919-4005-9bf5-5e482b94f266,VideoClip,iPhone,,iPhoneVideos,Plays/3dc0e239-6919-4005-9bf5-5e482b94f266/iPhone/b45ac686-e943-4307-a92c-6112b8e36d56.mov,bJwI2CX7qkcmMhenccju9g==,https://res.cloudinary.com/pitchingcoachu/video/upload/v1769982402/trackman/2331931b-0da7-49fe-83af-2c7f6c91774f/VideoClip/3dc0e239-691.mov,trackman/2331931b-0da7-49fe-83af-2c7f6c91774f/VideoClip/3dc0e239-691,2026-02-01T21:47:18Z
2331931b-0da7-49fe-83af-2c7f6c91774f,3ecdf063-6157-4ec4-b6ea-f170331760f4,VideoClip,iPhone,,iPhoneVideos,Plays/3ecdf063-6157-4ec4-b6ea-f170331760f4/iPhone/26459a66-3699-44c0-9966-76089a9e2ec1.mov,DVfkby1+hkjLt7LYSTx+1Q==,https://res.cloudinary.com/pitchingcoachu/video/upload/v1769982404/trackman/2331931b-0da7-49fe-83af-2c7f6c91774f/VideoClip/3ecdf063-615.mov,trackman/2331931b-0da7-49fe-83af-2c7f6c91774f/VideoClip/3ecdf063-615,2026-02-01T21:47:19Z
2331931b-0da7-49fe-83af-2c7f6c91774f,41e3cd9d-2dda-45a4-96fe-0f27c74db2fe,VideoClip,iPhone,,iPhoneVideos,Plays/41e3cd9d-2dda-45a4-96fe-0f27c74db2fe/iPhone/c58191ea-7390-4fac-928a-f5e633264a1e.mov,OrXme1F3+PWfl/UqMWXHGg==,https://res.cloudinary.com/pitchingcoachu/video/upload/v1769982405/trackman/2331931b-0da7-49fe-83af-2c7f6c91774f/VideoClip/41e3cd9d-2dd.mov,trackman/2331931b-0da7-49fe-83af-2c7f6c91774f/VideoClip/41e3cd9d-2dd,2026-02-01T21:47:20Z
2331931b-0da7-49fe-83af-2c7f6c91774f,4214d53b-9fb5-40f0-b61b-746382cb6d07,VideoClip2,iPhone,,iPhoneVideos,Plays/4214d53b-9fb5-40f0-b61b-746382cb6d07/iPhone/d682e14f-7626-4177-b729-e7a9ee6264b0.mov,r1wvQCQSPRchzcRuFeZghg==,https://res.cloudinary.com/pitchingcoachu/video/upload/v1769982407/trackman/2331931b-0da7-49fe-83af-2c7f6c91774f/VideoClip2/4214d53b-9fb.mov,trackman/2331931b-0da7-49fe-83af-2c7f6c91774f/VideoClip2/4214d53b-9fb,2026-02-01T21:47:21Z
2331931b-0da7-49fe-83af-2c7f6c91774f,43731a2e-b17b-407a-be0e-2f1826152c78,VideoClip,iPhone,,iPhoneVideos,Plays/43731a2e-b17b-407a-be0e-2f1826152c78/iPhone/09e3ebcd-e758-47f2-bedf-b7e167f11fda.mov,p1dOItXNLeI604fuUYgsSw==,https://res.cloudinary.com/pitchingcoachu/video/upload/v1769982408/trackman/2331931b-0da7-49fe-83af-2c7f6c91774f/VideoClip/43731a2e-b17.mov,trackman/2331931b-0da7-49fe-83af-2c7f6c91774f/VideoClip/43731a2e-b17,2026-02-01T21:47:21Z
2331931b-0da7-49fe-83af-2c7f6c91774f,4aca0e16-766d-481c-9846-570aada50190,VideoClip,iPhone,,iPhoneVideos,Plays/4aca0e16-766d-481c-9846-570aada50190/iPhone/75bb8805-589a-473c-8a01-e72df339df45.mov,49IKBa61dBAe8mJ738kQsw==,https://res.cloudinary.com/pitchingcoachu/video/upload/v1769982410/trackman/2331931b-0da7-49fe-83af-2c7f6c91774f/VideoClip/4aca0e16-766.mov,trackman/2331931b-0da7-49fe-83af-2c7f6c91774f/VideoClip/4aca0e16-766,2026-02-01T21:47:21Z
2331931b-0da7-49fe-83af-2c7f6c91774f,4b0cbde5-08d6-456e-b964-f9309ec9e65d,VideoClip,iPhone,,iPhoneVideos,Plays/4b0cbde5-08d6-456e-b964-f9309ec9e65d/iPhone/17ff9555-f57b-4ef3-b148-9d6928953898.mov,3dEzfTRApihmy6L9/ZxCwA==,https://res.cloudinary.com/pitchingcoachu/video/upload/v1769982412/trackman/2331931b-0da7-49fe-83af-2c7f6c91774f/VideoClip/4b0cbde5-08d.mov,trackman/2331931b-0da7-49fe-83af-2c7f6c91774f/VideoClip/4b0cbde5-08d,2026-02-01T21:47:21Z
2331931b-0da7-49fe-83af-2c7f6c91774f,4efcf7ac-01d8-4463-9339-33fa9d7f1f11,VideoClip,iPhone,,iPhoneVideos,Plays/4efcf7ac-01d8-4463-9339-33fa9d7f1f11/iPhone/e9e87f73-98ab-46ee-9ada-1047012c5e66.mov,63S+8cXQouCcce50+Utcsg==,https://res.cloudinary.com/pitchingcoachu/video/upload/v1769982413/trackman/2331931b-0da7-49fe-83af-2c7f6c91774f/VideoClip/4efcf7ac-01d.mov,trackman/2331931b-0da7-49fe-83af-2c7f6c91774f/VideoClip/4efcf7ac-01d,2026-02-01T21:47:21Z
2331931b-0da7-49fe-83af-2c7f6c91774f,50c256a6-a423-416a-8f8b-55642f330015,VideoClip,iPhone,,iPhoneVideos,Plays/50c256a6-a423-416a-8f8b-55642f330015/iPhone/b81ec5c0-a051-466c-bca8-2fe6bcff5195.mov,D9sIB6Rs9YAk1/TwtOHz7g==,https://res.cloudinary.com/pitchingcoachu/video/upload/v1769982415/trackman/2331931b-0da7-49fe-83af-2c7f6c91774f/VideoClip/50c256a6-a42.mov,trackman/2331931b-0da7-49fe-83af-2c7f6c91774f/VideoClip/50c256a6-a42,2026-02-01T21:47:22Z
2331931b-0da7-49fe-83af-2c7f6c91774f,52dcae76-d17c-4b2c-8c71-b659bb7237aa,VideoClip3,iPhone,,iPhoneVideos,Plays/52dcae76-d17c-4b2c-8c71-b659bb7237aa/iPhone/ff3aa79a-29ee-4be4-af91-d8cd3b46726f.mov,j7A7/rd4GUll439N831eCQ==,https://res.cloudinary.com/pitchingcoachu/video/upload/v1769982416/trackman/2331931b-0da7-49fe-83af-2c7f6c91774f/VideoClip3/52dcae76-d17.mov,trackman/2331931b-0da7-49fe-83af-2c7f6c91774f/VideoClip3/52dcae76-d17,2026-02-01T21:47:22Z
2331931b-0da7-49fe-83af-2c7f6c91774f,5343f1ee-0595-4b4b-9d97-52ecd94614f3,VideoClip,iPhone,,iPhoneVideos,Plays/5343f1ee-0595-4b4b-9d97-52ecd94614f3/iPhone/2b091569-b3c9-4b37-9173-6dbb111de624.mov,W2oR/RHNOCVt++Pg+mtADw==,https://res.cloudinary.com/pitchingcoachu/video/upload/v1769982417/trackman/2331931b-0da7-49fe-83af-2c7f6c91774f/VideoClip/5343f1ee-059.mov,trackman/2331931b-0da7-49fe-83af-2c7f6c91774f/VideoClip/5343f1ee-059,2026-02-01T21:47:23Z
2331931b-0da7-49fe-83af-2c7f6c91774f,55e5dadd-ee79-446f-aaa0-2cac3b730499,VideoClip3,iPhone,,iPhoneVideos,Plays/55e5dadd-ee79-446f-aaa0-2cac3b730499/iPhone/116905d6-d593-4537-a8f0-b38869c7be93.mov,sMSi1WrbUMktMQqwhN1Zpw==,https://res.cloudinary.com/pitchingcoachu/video/upload/v1769982419/trackman/2331931b-0da7-49fe-83af-2c7f6c91774f/VideoClip3/55e5dadd-ee7.mov,trackman/2331931b-0da7-49fe-83af-2c7f6c91774f/VideoClip3/55e5dadd-ee7,2026-02-01T21:47:23Z
2331931b-0da7-49fe-83af-2c7f6c91774f,55eda710-45f5-4108-b76b-e002a7870c3e,VideoClip,iPhone,,iPhoneVideos,Plays/55eda710-45f5-4108-b76b-e002a7870c3e/iPhone/626addff-ec22-4eee-ac3f-da27c5dadb6a.mov,OUvowvInAeUVqg10ACPMtQ==,https://res.cloudinary.com/pitchingcoachu/video/upload/v1769982420/trackman/2331931b-0da7-49fe-83af-2c7f6c91774f/VideoClip/55eda710-45f.mov,trackman/2331931b-0da7-49fe-83af-2c7f6c91774f/VideoClip/55eda710-45f,2026-02-01T21:47:23Z
2331931b-0da7-49fe-83af-2c7f6c91774f,5680cb16-b451-4837-bf10-8549332dced9,VideoClip,iPhone,,iPhoneVideos,Plays/5680cb16-b451-4837-bf10-8549332dced9/iPhone/159cb2b8-7df5-4e8e-ae45-82d573ab2cda.mov,Fx5oEqHaAfD3/HF6ZncuCA==,https://res.cloudinary.com/pitchingcoachu/video/upload/v1769982422/trackman/2331931b-0da7-49fe-83af-2c7f6c91774f/VideoClip/5680cb16-b45.mov,trackman/2331931b-0da7-49fe-83af-2c7f6c91774f/VideoClip/5680cb16-b45,2026-02-01T21:47:24Z
2331931b-0da7-49fe-83af-2c7f6c91774f,5822c4e5-c272-46dd-9a0c-d5277951f8b8,VideoClip,iPhone,,iPhoneVideos,Plays/5822c4e5-c272-46dd-9a0c-d5277951f8b8/iPhone/7b4bb372-ae67-4e04-bc10-58105c564e47.mov,eRUFqg2vYGyvPlMhjTF/JQ==,https://res.cloudinary.com/pitchingcoachu/video/upload/v1769982424/trackman/2331931b-0da7-49fe-83af-2c7f6c91774f/VideoClip/5822c4e5-c27.mov,trackman/2331931b-0da7-49fe-83af-2c7f6c91774f/VideoClip/5822c4e5-c27,2026-02-01T21:47:25Z
2331931b-0da7-49fe-83af-2c7f6c91774f,5afbd2ff-97f4-4911-9aa7-fcfef4c06df8,VideoClip,iPhone,,iPhoneVideos,Plays/5afbd2ff-97f4-4911-9aa7-fcfef4c06df8/iPhone/4b9b1062-9179-4c57-83fc-896b26dedaf9.mov,M7K7Xyn04e1xpBLV2640ig==,https://res.cloudinary.com/pitchingcoachu/video/upload/v1769982425/trackman/2331931b-0da7-49fe-83af-2c7f6c91774f/VideoClip/5afbd2ff-97f.mov,trackman/2331931b-0da7-49fe-83af-2c7f6c91774f/VideoClip/5afbd2ff-97f,2026-02-01T21:47:25Z
2331931b-0da7-49fe-83af-2c7f6c91774f,5ce15e05-7531-43bc-89a8-c6ff2a407a60,VideoClip3,iPhone,,iPhoneVideos,Plays/5ce15e05-7531-43bc-89a8-c6ff2a407a60/iPhone/a3419b38-e62c-4302-a065-d5663d4568e0.mov,jgBptHCxRPStkUuKpPRPdQ==,https://res.cloudinary.com/pitchingcoachu/video/upload/v1769982426/trackman/2331931b-0da7-49fe-83af-2c7f6c91774f/VideoClip3/5ce15e05-753.mov,trackman/2331931b-0da7-49fe-83af-2c7f6c91774f/VideoClip3/5ce15e05-753,2026-02-01T21:47:26Z
2331931b-0da7-49fe-83af-2c7f6c91774f,5d220679-9ad1-41da-88f7-9f8c58f29acc,VideoClip,iPhone,,iPhoneVideos,Plays/5d220679-9ad1-41da-88f7-9f8c58f29acc/iPhone/4db83756-1979-47f1-aa8b-9fe9d8b4da16.mov,gAuTsdu8Aw71k4DkBXq5GQ==,https://res.cloudinary.com/pitchingcoachu/video/upload/v1769982427/trackman/2331931b-0da7-49fe-83af-2c7f6c91774f/VideoClip/5d220679-9ad.mov,trackman/2331931b-0da7-49fe-83af-2c7f6c91774f/VideoClip/5d220679-9ad,2026-02-01T21:47:26Z
2331931b-0da7-49fe-83af-2c7f6c91774f,5d280aa9-98a7-4285-aa25-73f9f836e5a1,VideoClip,iPhone,,iPhoneVideos,Plays/5d280aa9-98a7-4285-aa25-73f9f836e5a1/iPhone/4ae53dd4-4c81-4e9a-91c0-de92b3307445.mov,nVCj6PaH6GIXc229RCXLzQ==,https://res.cloudinary.com/pitchingcoachu/video/upload/v1769982429/trackman/2331931b-0da7-49fe-83af-2c7f6c91774f/VideoClip/5d280aa9-98a.mov,trackman/2331931b-0da7-49fe-83af-2c7f6c91774f/VideoClip/5d280aa9-98a,2026-02-01T21:47:26Z
2331931b-0da7-49fe-83af-2c7f6c91774f,5e68eb3c-474e-4704-947b-45a4520090e1,VideoClip,iPhone,,iPhoneVideos,Plays/5e68eb3c-474e-4704-947b-45a4520090e1/iPhone/8c2e6dbb-a34f-41dd-9890-e658d498fd93.mov,k+yke/R9t7d3Es0VkBb7zg==,https://res.cloudinary.com/pitchingcoachu/video/upload/v1769982430/trackman/2331931b-0da7-49fe-83af-2c7f6c91774f/VideoClip/5e68eb3c-474.mov,trackman/2331931b-0da7-49fe-83af-2c7f6c91774f/VideoClip/5e68eb3c-474,2026-02-01T21:47:26Z
2331931b-0da7-49fe-83af-2c7f6c91774f,60282355-3911-42c1-b08f-ea266185b889,VideoClip,iPhone,,iPhoneVideos,Plays/60282355-3911-42c1-b08f-ea266185b889/iPhone/6e296a8c-bfe5-4ae2-8970-f9ed0d6e79af.mov,kbf1fVI4N/CYO0akm6g8Ew==,https://res.cloudinary.com/pitchingcoachu/video/upload/v1769982432/trackman/2331931b-0da7-49fe-83af-2c7f6c91774f/VideoClip/60282355-391.mov,trackman/2331931b-0da7-49fe-83af-2c7f6c91774f/VideoClip/60282355-391,2026-02-01T21:47:27Z
2331931b-0da7-49fe-83af-2c7f6c91774f,60b153c8-7339-4151-9901-a996c603d295,VideoClip,iPhone,,iPhoneVideos,Plays/60b153c8-7339-4151-9901-a996c603d295/iPhone/64cae055-2892-4a8b-ab31-999c1982b19c.mov,uJIhfvMA6wh4kirDUyd64Q==,https://res.cloudinary.com/pitchingcoachu/video/upload/v1769982433/trackman/2331931b-0da7-49fe-83af-2c7f6c91774f/VideoClip/60b153c8-733.mov,trackman/2331931b-0da7-49fe-83af-2c7f6c91774f/VideoClip/60b153c8-733,2026-02-01T21:47:27Z
2331931b-0da7-49fe-83af-2c7f6c91774f,61c5b675-b91a-43a9-ad73-a9a8efb45acf,VideoClip,iPhone,,iPhoneVideos,Plays/61c5b675-b91a-43a9-ad73-a9a8efb45acf/iPhone/f356006c-5d2c-48c4-84e4-6464325760bf.mov,GTe2wPccUqswv8xx5qKYOQ==,https://res.cloudinary.com/pitchingcoachu/video/upload/v1769982434/trackman/2331931b-0da7-49fe-83af-2c7f6c91774f/VideoClip/61c5b675-b91.mov,trackman/2331931b-0da7-49fe-83af-2c7f6c91774f/VideoClip/61c5b675-b91,2026-02-01T21:47:27Z
2331931b-0da7-49fe-83af-2c7f6c91774f,65b394a6-7789-4d07-a8e9-fe580f99ded2,VideoClip,iPhone,,iPhoneVideos,Plays/65b394a6-7789-4d07-a8e9-fe580f99ded2/iPhone/18e07ea4-25d2-4d50-9100-65a4f564b2c4.mov,8GLVl+f0z9gIt/9vogKZgg==,https://res.cloudinary.com/pitchingcoachu/video/upload/v1769982437/trackman/2331931b-0da7-49fe-83af-2c7f6c91774f/VideoClip/65b394a6-778.mov,trackman/2331931b-0da7-49fe-83af-2c7f6c91774f/VideoClip/65b394a6-778,2026-02-01T21:47:27Z
2331931b-0da7-49fe-83af-2c7f6c91774f,682b8937-dec5-42b5-a5d7-f260a692b6f0,VideoClip,iPhone,,iPhoneVideos,Plays/682b8937-dec5-42b5-a5d7-f260a692b6f0/iPhone/3e2bb06f-d992-42b9-8254-c3d9c56d87b4.mov,n7K0JkjxH0vDbD8RA3ZN1w==,https://res.cloudinary.com/pitchingcoachu/video/upload/v1769982439/trackman/2331931b-0da7-49fe-83af-2c7f6c91774f/VideoClip/682b8937-dec.mov,trackman/2331931b-0da7-49fe-83af-2c7f6c91774f/VideoClip/682b8937-dec,2026-02-01T21:47:27Z
2331931b-0da7-49fe-83af-2c7f6c91774f,6860a3af-3fb6-47d9-8e21-1893d8208070,VideoClip,iPhone,,iPhoneVideos,Plays/6860a3af-3fb6-47d9-8e21-1893d8208070/iPhone/da02381c-8379-4def-a415-cf68182d889b.mov,C6crEGBIqJy3IDBzZ2oq3g==,https://res.cloudinary.com/pitchingcoachu/video/upload/v1769982441/trackman/2331931b-0da7-49fe-83af-2c7f6c91774f/VideoClip/6860a3af-3fb.mov,trackman/2331931b-0da7-49fe-83af-2c7f6c91774f/VideoClip/6860a3af-3fb,2026-02-01T21:47:28Z
2331931b-0da7-49fe-83af-2c7f6c91774f,697a9f6d-393e-49c4-8b0d-48060f15bf2f,VideoClip3,iPhone,,iPhoneVideos,Plays/697a9f6d-393e-49c4-8b0d-48060f15bf2f/iPhone/0835dc73-6c18-4612-bf28-063b30d3b0a5.mov,Vqhz0O1Kge0TfVhzcI0+wA==,https://res.cloudinary.com/pitchingcoachu/video/upload/v1769982443/trackman/2331931b-0da7-49fe-83af-2c7f6c91774f/VideoClip3/697a9f6d-393.mov,trackman/2331931b-0da7-49fe-83af-2c7f6c91774f/VideoClip3/697a9f6d-393,2026-02-01T21:47:28Z
2331931b-0da7-49fe-83af-2c7f6c91774f,69af6802-6bbe-48c5-aefd-c277d2edc08d,VideoClip,iPhone,,iPhoneVideos,Plays/69af6802-6bbe-48c5-aefd-c277d2edc08d/iPhone/4b73fd79-678a-4380-b593-1cb133fc1072.mov,WTIMsM+3L92D7kDdJtuM9g==,https://res.cloudinary.com/pitchingcoachu/video/upload/v1769982445/trackman/2331931b-0da7-49fe-83af-2c7f6c91774f/VideoClip/69af6802-6bb.mov,trackman/2331931b-0da7-49fe-83af-2c7f6c91774f/VideoClip/69af6802-6bb,2026-02-01T21:47:28Z
2331931b-0da7-49fe-83af-2c7f6c91774f,6aea1e13-f60e-4c48-ba6c-22b1eae90b46,VideoClip,iPhone,,iPhoneVideos,Plays/6aea1e13-f60e-4c48-ba6c-22b1eae90b46/iPhone/ce87fe18-f403-42bb-b7e0-db68c0f24872.mov,mWPaJwPIq0PDuzqOgZLklA==,https://res.cloudinary.com/pitchingcoachu/video/upload/v1769982446/trackman/2331931b-0da7-49fe-83af-2c7f6c91774f/VideoClip/6aea1e13-f60.mov,trackman/2331931b-0da7-49fe-83af-2c7f6c91774f/VideoClip/6aea1e13-f60,2026-02-01T21:47:28Z
2331931b-0da7-49fe-83af-2c7f6c91774f,6c8e4b51-8696-477b-9711-878c6d094b6f,VideoClip,iPhone,,iPhoneVideos,Plays/6c8e4b51-8696-477b-9711-878c6d094b6f/iPhone/7edc0074-a867-4909-9213-94e223d27437.mov,sAWHoP/ueVEnesJKnstGAQ==,https://res.cloudinary.com/pitchingcoachu/video/upload/v1769982449/trackman/2331931b-0da7-49fe-83af-2c7f6c91774f/VideoClip/6c8e4b51-869.mov,trackman/2331931b-0da7-49fe-83af-2c7f6c91774f/VideoClip/6c8e4b51-869,2026-02-01T21:47:31Z
2331931b-0da7-49fe-83af-2c7f6c91774f,6e65ac5d-c8a8-4b61-933a-9ea9fd1f4f36,VideoClip,iPhone,,iPhoneVideos,Plays/6e65ac5d-c8a8-4b61-933a-9ea9fd1f4f36/iPhone/40f89261-ab56-4a98-9be8-1359d17b6089.mov,ZpZTSwnbwY8wB1iRfZeVxQ==,https://res.cloudinary.com/pitchingcoachu/video/upload/v1769982450/trackman/2331931b-0da7-49fe-83af-2c7f6c91774f/VideoClip/6e65ac5d-c8a.mov,trackman/2331931b-0da7-49fe-83af-2c7f6c91774f/VideoClip/6e65ac5d-c8a,2026-02-01T21:47:32Z
2331931b-0da7-49fe-83af-2c7f6c91774f,72f55188-0caa-4f61-9591-3f602d76da3c,VideoClip3,iPhone,,iPhoneVideos,Plays/72f55188-0caa-4f61-9591-3f602d76da3c/iPhone/2779f408-a064-4669-8ee7-673b90591dab.mov,Xic/NIJFWlXFRXwIkeXnMQ==,https://res.cloudinary.com/pitchingcoachu/video/upload/v1769982451/trackman/2331931b-0da7-49fe-83af-2c7f6c91774f/VideoClip3/72f55188-0ca.mov,trackman/2331931b-0da7-49fe-83af-2c7f6c91774f/VideoClip3/72f55188-0ca,2026-02-01T21:47:33Z
2331931b-0da7-49fe-83af-2c7f6c91774f,731e5ca5-3527-4250-bcca-34ab467dd805,VideoClip2,iPhone,,iPhoneVideos,Plays/731e5ca5-3527-4250-bcca-34ab467dd805/iPhone/646c5dc6-466d-4b3c-9b30-1971bab2fd86.mov,yEjBrSMBAyCVArqSjSJiSw==,https://res.cloudinary.com/pitchingcoachu/video/upload/v1769982453/trackman/2331931b-0da7-49fe-83af-2c7f6c91774f/VideoClip2/731e5ca5-352.mov,trackman/2331931b-0da7-49fe-83af-2c7f6c91774f/VideoClip2/731e5ca5-352,2026-02-01T21:47:43Z
2331931b-0da7-49fe-83af-2c7f6c91774f,74d40e9f-8af5-4d8d-9c2a-647977baaf10,VideoClip,iPhone,,iPhoneVideos,Plays/74d40e9f-8af5-4d8d-9c2a-647977baaf10/iPhone/388f41db-c1fe-46f5-a190-45130c96fe43.mov,+Hv6zg98VmDFTarS/hSFEQ==,https://res.cloudinary.com/pitchingcoachu/video/upload/v1769982463/trackman/2331931b-0da7-49fe-83af-2c7f6c91774f/VideoClip/74d40e9f-8af.mov,trackman/2331931b-0da7-49fe-83af-2c7f6c91774f/VideoClip/74d40e9f-8af,2026-02-01T21:47:44Z
2331931b-0da7-49fe-83af-2c7f6c91774f,7d0fd209-3dff-46a1-b599-45602ce37712,VideoClip,iPhone,,iPhoneVideos,Plays/7d0fd209-3dff-46a1-b599-45602ce37712/iPhone/fd71f959-8f5b-4e5d-8790-37449c906d17.mov,syFHZSp+6bTwJoftb5dNWQ==,https://res.cloudinary.com/pitchingcoachu/video/upload/v1769982465/trackman/2331931b-0da7-49fe-83af-2c7f6c91774f/VideoClip/7d0fd209-3df.mov,trackman/2331931b-0da7-49fe-83af-2c7f6c91774f/VideoClip/7d0fd209-3df,2026-02-01T21:47:47Z
2331931b-0da7-49fe-83af-2c7f6c91774f,7d1e4a88-fcd1-4a5c-9f7d-2e27ff1ca2e9,VideoClip,iPhone,,iPhoneVideos,Plays/7d1e4a88-fcd1-4a5c-9f7d-2e27ff1ca2e9/iPhone/72c42ca7-7714-4953-8aba-8d6607e57b9a.mov,RBrD4iJOwI4uYqRt5A0cxQ==,https://res.cloudinary.com/pitchingcoachu/video/upload/v1769982467/trackman/2331931b-0da7-49fe-83af-2c7f6c91774f/VideoClip/7d1e4a88-fcd.mov,trackman/2331931b-0da7-49fe-83af-2c7f6c91774f/VideoClip/7d1e4a88-fcd,2026-02-01T21:47:57Z
2331931b-0da7-49fe-83af-2c7f6c91774f,7dfb0983-691d-428c-949a-b40e50b9c22f,VideoClip,iPhone,,iPhoneVideos,Plays/7dfb0983-691d-428c-949a-b40e50b9c22f/iPhone/3e0efcfe-26df-41d0-b5fc-c883c1831d2e.mov,Lo5Ueyg3NT3T+rUusnJDzQ==,https://res.cloudinary.com/pitchingcoachu/video/upload/v1769982477/trackman/2331931b-0da7-49fe-83af-2c7f6c91774f/VideoClip/7dfb0983-691.mov,trackman/2331931b-0da7-49fe-83af-2c7f6c91774f/VideoClip/7dfb0983-691,2026-02-01T21:48:00Z
2331931b-0da7-49fe-83af-2c7f6c91774f,7f925a1e-f655-4032-b0a6-a18408649ba5,VideoClip,iPhone,,iPhoneVideos,Plays/7f925a1e-f655-4032-b0a6-a18408649ba5/iPhone/4c636ed1-0130-4c04-a9e6-42e73c9fa17e.mov,OkFxMXWySexfAXSlp3UX2g==,https://res.cloudinary.com/pitchingcoachu/video/upload/v1769982479/trackman/2331931b-0da7-49fe-83af-2c7f6c91774f/VideoClip/7f925a1e-f65.mov,trackman/2331931b-0da7-49fe-83af-2c7f6c91774f/VideoClip/7f925a1e-f65,2026-02-01T21:48:00Z
2331931b-0da7-49fe-83af-2c7f6c91774f,80705c5d-1efb-4f9d-843e-3efb475b7ae7,VideoClip,iPhone,,iPhoneVideos,Plays/80705c5d-1efb-4f9d-843e-3efb475b7ae7/iPhone/45dbf26b-8ec2-4e9a-b93d-b0dd2591a093.mov,tJCAJFvMrJNaQ6HqHmDKIw==,https://res.cloudinary.com/pitchingcoachu/video/upload/v1769982480/trackman/2331931b-0da7-49fe-83af-2c7f6c91774f/VideoClip/80705c5d-1ef.mov,trackman/2331931b-0da7-49fe-83af-2c7f6c91774f/VideoClip/80705c5d-1ef,2026-02-01T21:48:03Z
2331931b-0da7-49fe-83af-2c7f6c91774f,80bd7896-d9eb-4079-9b47-d69aff709fba,VideoClip,iPhone,,iPhoneVideos,Plays/80bd7896-d9eb-4079-9b47-d69aff709fba/iPhone/119aa7e7-c54c-4ff0-9ec6-7d45fb93370c.mov,ZFVPyjO5X+14Aj/KyS6ejg==,https://res.cloudinary.com/pitchingcoachu/video/upload/v1769982482/trackman/2331931b-0da7-49fe-83af-2c7f6c91774f/VideoClip/80bd7896-d9e.mov,trackman/2331931b-0da7-49fe-83af-2c7f6c91774f/VideoClip/80bd7896-d9e,2026-02-01T21:48:03Z
2331931b-0da7-49fe-83af-2c7f6c91774f,82817874-f11b-40eb-a262-c7a3c8187c3d,VideoClip2,iPhone,,iPhoneVideos,Plays/82817874-f11b-40eb-a262-c7a3c8187c3d/iPhone/d4dffacd-dea2-473b-ae82-78f2d6fdcd7f.mov,3WNe/L6J22md5DiBS59qzQ==,https://res.cloudinary.com/pitchingcoachu/video/upload/v1769982484/trackman/2331931b-0da7-49fe-83af-2c7f6c91774f/VideoClip2/82817874-f11.mov,trackman/2331931b-0da7-49fe-83af-2c7f6c91774f/VideoClip2/82817874-f11,2026-02-01T21:48:05Z
2331931b-0da7-49fe-83af-2c7f6c91774f,82d78c8f-fdb7-46ae-9f0c-cca58e9de103,VideoClip3,iPhone,,iPhoneVideos,Plays/82d78c8f-fdb7-46ae-9f0c-cca58e9de103/iPhone/3b66c2f7-2c4e-4c49-96ac-50a6c1d11833.mov,rSD6EHD4b9KjU4ZmsFKJ/w==,https://res.cloudinary.com/pitchingcoachu/video/upload/v1769982485/trackman/2331931b-0da7-49fe-83af-2c7f6c91774f/VideoClip3/82d78c8f-fdb.mov,trackman/2331931b-0da7-49fe-83af-2c7f6c91774f/VideoClip3/82d78c8f-fdb,2026-02-01T21:48:08Z
2331931b-0da7-49fe-83af-2c7f6c91774f,83503221-a6a0-4911-9294-4efaefdc6354,VideoClip,iPhone,,iPhoneVideos,Plays/83503221-a6a0-4911-9294-4efaefdc6354/iPhone/97eff9f2-0e4c-40af-adbc-55be5ef30b64.mov,9g2M30CeuNIAlUyWiiGmVg==,https://res.cloudinary.com/pitchingcoachu/video/upload/v1769982487/trackman/2331931b-0da7-49fe-83af-2c7f6c91774f/VideoClip/83503221-a6a.mov,trackman/2331931b-0da7-49fe-83af-2c7f6c91774f/VideoClip/83503221-a6a,2026-02-01T21:48:08Z
2331931b-0da7-49fe-83af-2c7f6c91774f,87456207-a35b-4afb-a438-6730f3a000ae,VideoClip,iPhone,,iPhoneVideos,Plays/87456207-a35b-4afb-a438-6730f3a000ae/iPhone/bd4b38b6-3f9b-48ec-98e2-5f7d54b74270.mov,NTnor4j3axdV4aMhdTxskg==,https://res.cloudinary.com/pitchingcoachu/video/upload/v1769982488/trackman/2331931b-0da7-49fe-83af-2c7f6c91774f/VideoClip/87456207-a35.mov,trackman/2331931b-0da7-49fe-83af-2c7f6c91774f/VideoClip/87456207-a35,2026-02-01T21:48:09Z
2331931b-0da7-49fe-83af-2c7f6c91774f,877a8190-a844-4a2e-af42-6314a2863dc9,VideoClip,iPhone,,iPhoneVideos,Plays/877a8190-a844-4a2e-af42-6314a2863dc9/iPhone/9659834e-0bb7-4d29-aa65-5fec13949456.mov,atOo7NF+dZGHCCDZeMsXBA==,https://res.cloudinary.com/pitchingcoachu/video/upload/v1769982489/trackman/2331931b-0da7-49fe-83af-2c7f6c91774f/VideoClip/877a8190-a84.mov,trackman/2331931b-0da7-49fe-83af-2c7f6c91774f/VideoClip/877a8190-a84,2026-02-01T21:48:20Z
2331931b-0da7-49fe-83af-2c7f6c91774f,8abfbf2c-d41a-4866-b54b-e7c57ec35a2e,VideoClip,iPhone,,iPhoneVideos,Plays/8abfbf2c-d41a-4866-b54b-e7c57ec35a2e/iPhone/27f7292b-837a-42eb-b2c4-ca52766bf7e5.mov,ao1O4z3o1LuhR0LHEXSbag==,https://res.cloudinary.com/pitchingcoachu/video/upload/v1769982500/trackman/2331931b-0da7-49fe-83af-2c7f6c91774f/VideoClip/8abfbf2c-d41.mov,trackman/2331931b-0da7-49fe-83af-2c7f6c91774f/VideoClip/8abfbf2c-d41,2026-02-01T21:48:22Z
2331931b-0da7-49fe-83af-2c7f6c91774f,8b7ac790-432b-4bbd-a5e9-a681ac8faad7,VideoClip,iPhone,,iPhoneVideos,Plays/8b7ac790-432b-4bbd-a5e9-a681ac8faad7/iPhone/4cb82d60-b0ae-4feb-a54f-ff7e4e6adc08.mov,C9MLbCAWDXmyjZKCyUNZNA==,https://res.cloudinary.com/pitchingcoachu/video/upload/v1769982501/trackman/2331931b-0da7-49fe-83af-2c7f6c91774f/VideoClip/8b7ac790-432.mov,trackman/2331931b-0da7-49fe-83af-2c7f6c91774f/VideoClip/8b7ac790-432,2026-02-01T21:48:23Z
2331931b-0da7-49fe-83af-2c7f6c91774f,8c7cfff8-ef00-4e7d-9144-b48c568ccb4b,VideoClip2,iPhone,,iPhoneVideos,Plays/8c7cfff8-ef00-4e7d-9144-b48c568ccb4b/iPhone/c7e5eff0-27bb-49eb-a40e-ad9e1b4bd028.mov,uy5TASwSU586VlzKUPt8nA==,https://res.cloudinary.com/pitchingcoachu/video/upload/v1769982502/trackman/2331931b-0da7-49fe-83af-2c7f6c91774f/VideoClip2/8c7cfff8-ef0.mov,trackman/2331931b-0da7-49fe-83af-2c7f6c91774f/VideoClip2/8c7cfff8-ef0,2026-02-01T21:48:24Z
2331931b-0da7-49fe-83af-2c7f6c91774f,8ffae604-6c89-416b-afe4-c9c877ce4e16,VideoClip,iPhone,,iPhoneVideos,Plays/8ffae604-6c89-416b-afe4-c9c877ce4e16/iPhone/9e424548-2ab0-4a86-a1f2-3ef8c00a4bce.mov,UzZxhiN6L4OrH1L49DObsw==,https://res.cloudinary.com/pitchingcoachu/video/upload/v1769982504/trackman/2331931b-0da7-49fe-83af-2c7f6c91774f/VideoClip/8ffae604-6c8.mov,trackman/2331931b-0da7-49fe-83af-2c7f6c91774f/VideoClip/8ffae604-6c8,2026-02-01T21:48:25Z
2331931b-0da7-49fe-83af-2c7f6c91774f,90448b9b-08b8-450d-bfe0-b74609a32262,VideoClip,iPhone,,iPhoneVideos,Plays/90448b9b-08b8-450d-bfe0-b74609a32262/iPhone/c083ac9f-e87e-42e1-b17e-ecdfb92a5701.mov,BMRsRgYJmLfMIsHO+gTAuw==,https://res.cloudinary.com/pitchingcoachu/video/upload/v1769982505/trackman/2331931b-0da7-49fe-83af-2c7f6c91774f/VideoClip/90448b9b-08b.mov,trackman/2331931b-0da7-49fe-83af-2c7f6c91774f/VideoClip/90448b9b-08b,2026-02-01T21:48:27Z
2331931b-0da7-49fe-83af-2c7f6c91774f,91ae6a21-87a8-4218-82c1-64d220ffe5bd,VideoClip,iPhone,,iPhoneVideos,Plays/91ae6a21-87a8-4218-82c1-64d220ffe5bd/iPhone/b3673880-66f9-42f5-8d43-ab1ef25bee23.mov,PIxzPd60eaJZr3DxUarnzg==,https://res.cloudinary.com/pitchingcoachu/video/upload/v1769982507/trackman/2331931b-0da7-49fe-83af-2c7f6c91774f/VideoClip/91ae6a21-87a.mov,trackman/2331931b-0da7-49fe-83af-2c7f6c91774f/VideoClip/91ae6a21-87a,2026-02-01T21:48:37Z
2331931b-0da7-49fe-83af-2c7f6c91774f,9347609b-9d8c-4a19-bb6f-048e803ff165,VideoClip,iPhone,,iPhoneVideos,Plays/9347609b-9d8c-4a19-bb6f-048e803ff165/iPhone/7578ce7c-7d2a-41c4-bc70-c1c21e01f2b9.mov,h5pvoWTljvgl4atPXdbFIQ==,https://res.cloudinary.com/pitchingcoachu/video/upload/v1769982517/trackman/2331931b-0da7-49fe-83af-2c7f6c91774f/VideoClip/9347609b-9d8.mov,trackman/2331931b-0da7-49fe-83af-2c7f6c91774f/VideoClip/9347609b-9d8,2026-02-01T21:48:39Z
2331931b-0da7-49fe-83af-2c7f6c91774f,935fbf13-06e2-4171-8302-afea9b7a2fc3,VideoClip,iPhone,,iPhoneVideos,Plays/935fbf13-06e2-4171-8302-afea9b7a2fc3/iPhone/d77fd41c-9308-46c1-9419-fecc8712963a.mov,hf0DHi7LarKuvzmhpY+RFw==,https://res.cloudinary.com/pitchingcoachu/video/upload/v1769982519/trackman/2331931b-0da7-49fe-83af-2c7f6c91774f/VideoClip/935fbf13-06e.mov,trackman/2331931b-0da7-49fe-83af-2c7f6c91774f/VideoClip/935fbf13-06e,2026-02-01T21:48:41Z
2331931b-0da7-49fe-83af-2c7f6c91774f,9386bd65-1d53-499a-b322-3cbe2ebffc82,VideoClip,iPhone,,iPhoneVideos,Plays/9386bd65-1d53-499a-b322-3cbe2ebffc82/iPhone/7520aace-0f02-4c74-af81-28497e7b7194.mov,2FpST6601JDs40p5FCvlWg==,https://res.cloudinary.com/pitchingcoachu/video/upload/v1769982520/trackman/2331931b-0da7-49fe-83af-2c7f6c91774f/VideoClip/9386bd65-1d5.mov,trackman/2331931b-0da7-49fe-83af-2c7f6c91774f/VideoClip/9386bd65-1d5,2026-02-01T21:48:50Z
2331931b-0da7-49fe-83af-2c7f6c91774f,94ed846e-2e3c-414b-a749-eb802bcda1d7,VideoClip3,iPhone,,iPhoneVideos,Plays/94ed846e-2e3c-414b-a749-eb802bcda1d7/iPhone/1a6b3a4d-a860-4a02-ac3b-3e1acebc4ab4.mov,vMOBvIfAI9Pv0JFBd07yww==,https://res.cloudinary.com/pitchingcoachu/video/upload/v1769982531/trackman/2331931b-0da7-49fe-83af-2c7f6c91774f/VideoClip3/94ed846e-2e3.mov,trackman/2331931b-0da7-49fe-83af-2c7f6c91774f/VideoClip3/94ed846e-2e3,2026-02-01T21:48:52Z
2331931b-0da7-49fe-83af-2c7f6c91774f,97150b0d-c7e8-4a14-8d75-ccaf532a4658,VideoClip,iPhone,,iPhoneVideos,Plays/97150b0d-c7e8-4a14-8d75-ccaf532a4658/iPhone/a94fe4e7-3573-402b-9e43-30fe7acfc455.mov,1jmKfAUmgvWgWNfvRs42vQ==,https://res.cloudinary.com/pitchingcoachu/video/upload/v1769982532/trackman/2331931b-0da7-49fe-83af-2c7f6c91774f/VideoClip/97150b0d-c7e.mov,trackman/2331931b-0da7-49fe-83af-2c7f6c91774f/VideoClip/97150b0d-c7e,2026-02-01T21:48:53Z
2331931b-0da7-49fe-83af-2c7f6c91774f,991b3f25-b69e-4c90-8332-5686cabe7c8c,VideoClip2,iPhone,,iPhoneVideos,Plays/991b3f25-b69e-4c90-8332-5686cabe7c8c/iPhone/ff68ad24-3def-42b1-a2cb-5d6d1213c00f.mov,wPWQ81apOn/EoYEI78LD8Q==,https://res.cloudinary.com/pitchingcoachu/video/upload/v1769982533/trackman/2331931b-0da7-49fe-83af-2c7f6c91774f/VideoClip2/991b3f25-b69.mov,trackman/2331931b-0da7-49fe-83af-2c7f6c91774f/VideoClip2/991b3f25-b69,2026-02-01T21:48:54Z
2331931b-0da7-49fe-83af-2c7f6c91774f,9b190408-a950-4c01-bdf9-10f628ef0ffa,VideoClip,iPhone,,iPhoneVideos,Plays/9b190408-a950-4c01-bdf9-10f628ef0ffa/iPhone/2e674278-7292-420e-92a0-ce9bfad0ecea.mov,CrTOjF5y4Q75HmdtxssJJw==,https://res.cloudinary.com/pitchingcoachu/video/upload/v1769982535/trackman/2331931b-0da7-49fe-83af-2c7f6c91774f/VideoClip/9b190408-a95.mov,trackman/2331931b-0da7-49fe-83af-2c7f6c91774f/VideoClip/9b190408-a95,2026-02-01T21:48:55Z
2331931b-0da7-49fe-83af-2c7f6c91774f,9dc07740-4fc2-4f67-9ef2-686f2999babd,VideoClip2,iPhone,,iPhoneVideos,Plays/9dc07740-4fc2-4f67-9ef2-686f2999babd/iPhone/161b4dc9-18c8-4231-b098-cea2842b5e48.mov,vaLixCmSAFZ1qetMs6f2aA==,https://res.cloudinary.com/pitchingcoachu/video/upload/v1769982536/trackman/2331931b-0da7-49fe-83af-2c7f6c91774f/VideoClip2/9dc07740-4fc.mov,trackman/2331931b-0da7-49fe-83af-2c7f6c91774f/VideoClip2/9dc07740-4fc,2026-02-01T21:48:57Z
2331931b-0da7-49fe-83af-2c7f6c91774f,9eaaeecf-e750-4181-be15-09bb2e876e6c,VideoClip,iPhone,,iPhoneVideos,Plays/9eaaeecf-e750-4181-be15-09bb2e876e6c/iPhone/84787bd6-238d-4eaa-bec6-9084fb07eea3.mov,yFDHFm1hlnu8nAVjR2OJIA==,https://res.cloudinary.com/pitchingcoachu/video/upload/v1769982537/trackman/2331931b-0da7-49fe-83af-2c7f6c91774f/VideoClip/9eaaeecf-e75.mov,trackman/2331931b-0da7-49fe-83af-2c7f6c91774f/VideoClip/9eaaeecf-e75,2026-02-01T21:49:07Z
2331931b-0da7-49fe-83af-2c7f6c91774f,9f87129a-43b1-4e39-8959-9d338c640f18,VideoClip3,iPhone,,iPhoneVideos,Plays/9f87129a-43b1-4e39-8959-9d338c640f18/iPhone/20722065-7c0e-41f4-b23d-53e2f02ba87b.mov,DdmFV3zYz7jH/yz9Mcvgyw==,https://res.cloudinary.com/pitchingcoachu/video/upload/v1769982547/trackman/2331931b-0da7-49fe-83af-2c7f6c91774f/VideoClip3/9f87129a-43b.mov,trackman/2331931b-0da7-49fe-83af-2c7f6c91774f/VideoClip3/9f87129a-43b,2026-02-01T21:49:10Z
2331931b-0da7-49fe-83af-2c7f6c91774f,a298e8bb-77e4-41d2-8f93-e9047412c5ca,VideoClip3,iPhone,,iPhoneVideos,Plays/a298e8bb-77e4-41d2-8f93-e9047412c5ca/iPhone/bd2fbdbb-8aee-4a37-9a62-268c5263b74d.mov,bwENv/Qpe9+qRwbf35yzog==,https://res.cloudinary.com/pitchingcoachu/video/upload/v1769982549/trackman/2331931b-0da7-49fe-83af-2c7f6c91774f/VideoClip3/a298e8bb-77e.mov,trackman/2331931b-0da7-49fe-83af-2c7f6c91774f/VideoClip3/a298e8bb-77e,2026-02-01T21:49:10Z
2331931b-0da7-49fe-83af-2c7f6c91774f,a37e1947-006a-4479-81c5-6a0e66e20171,VideoClip2,iPhone,,iPhoneVideos,Plays/a37e1947-006a-4479-81c5-6a0e66e20171/iPhone/99e7dba9-e47f-4269-8032-a21c71b5e07d.mov,aaZuANvZVEPDZZBYbHLYPw==,https://res.cloudinary.com/pitchingcoachu/video/upload/v1769982550/trackman/2331931b-0da7-49fe-83af-2c7f6c91774f/VideoClip2/a37e1947-006.mov,trackman/2331931b-0da7-49fe-83af-2c7f6c91774f/VideoClip2/a37e1947-006,2026-02-01T21:49:12Z
2331931b-0da7-49fe-83af-2c7f6c91774f,a5df5370-1d0f-4eba-af7f-fa233c2314de,VideoClip,iPhone,,iPhoneVideos,Plays/a5df5370-1d0f-4eba-af7f-fa233c2314de/iPhone/2a5b094b-171e-4337-a49e-9d81e2920a5a.mov,s9Mt8rDnHmmSl4CE+3TMJQ==,https://res.cloudinary.com/pitchingcoachu/video/upload/v1769982552/trackman/2331931b-0da7-49fe-83af-2c7f6c91774f/VideoClip/a5df5370-1d0.mov,trackman/2331931b-0da7-49fe-83af-2c7f6c91774f/VideoClip/a5df5370-1d0,2026-02-01T21:49:13Z
2331931b-0da7-49fe-83af-2c7f6c91774f,a623aecf-67f3-495a-94d3-7852aadfa76f,VideoClip,iPhone,,iPhoneVideos,Plays/a623aecf-67f3-495a-94d3-7852aadfa76f/iPhone/54384d5f-c444-4b3d-a401-78a4908838a0.mov,3qjyrEP7/iGvtRtG/C3r1w==,https://res.cloudinary.com/pitchingcoachu/video/upload/v1769982553/trackman/2331931b-0da7-49fe-83af-2c7f6c91774f/VideoClip/a623aecf-67f.mov,trackman/2331931b-0da7-49fe-83af-2c7f6c91774f/VideoClip/a623aecf-67f,2026-02-01T21:49:15Z
2331931b-0da7-49fe-83af-2c7f6c91774f,a7f51b1b-3872-419d-8ab9-593c27a4f9cb,VideoClip2,iPhone,,iPhoneVideos,Plays/a7f51b1b-3872-419d-8ab9-593c27a4f9cb/iPhone/7d5994c4-e8f2-48b2-9e4f-bd3cbca28e5b.mov,znpJk4LADzxGegiQhxS+Qw==,https://res.cloudinary.com/pitchingcoachu/video/upload/v1769982555/trackman/2331931b-0da7-49fe-83af-2c7f6c91774f/VideoClip2/a7f51b1b-387.mov,trackman/2331931b-0da7-49fe-83af-2c7f6c91774f/VideoClip2/a7f51b1b-387,2026-02-01T21:49:19Z
2331931b-0da7-49fe-83af-2c7f6c91774f,a8be2dfc-1f95-4df7-9784-d8c913ac16e4,VideoClip2,iPhone,,iPhoneVideos,Plays/a8be2dfc-1f95-4df7-9784-d8c913ac16e4/iPhone/6c1b39d4-36fe-433c-a268-efa2dc4666a3.mov,iGS7x+apo/lRcZf7EsgARg==,https://res.cloudinary.com/pitchingcoachu/video/upload/v1769982558/trackman/2331931b-0da7-49fe-83af-2c7f6c91774f/VideoClip2/a8be2dfc-1f9.mov,trackman/2331931b-0da7-49fe-83af-2c7f6c91774f/VideoClip2/a8be2dfc-1f9,2026-02-01T21:49:21Z
2331931b-0da7-49fe-83af-2c7f6c91774f,a903107b-f962-4dbe-bb67-44a426e0e77c,VideoClip,iPhone,,iPhoneVideos,Plays/a903107b-f962-4dbe-bb67-44a426e0e77c/iPhone/8302624a-11d2-46a5-a0da-11facae7ac9f.mov,XIqFg6EjVrffV8RCHFlReQ==,https://res.cloudinary.com/pitchingcoachu/video/upload/v1769982560/trackman/2331931b-0da7-49fe-83af-2c7f6c91774f/VideoClip/a903107b-f96.mov,trackman/2331931b-0da7-49fe-83af-2c7f6c91774f/VideoClip/a903107b-f96,2026-02-01T21:49:22Z
2331931b-0da7-49fe-83af-2c7f6c91774f,aa9b13a8-0103-476c-a333-6b9216f5cce4,VideoClip,iPhone,,iPhoneVideos,Plays/aa9b13a8-0103-476c-a333-6b9216f5cce4/iPhone/e2037568-2be9-43dd-95d1-cc41d6ff8c97.mov,FGIwOVg6MbBj2IiHnLXFvA==,https://res.cloudinary.com/pitchingcoachu/video/upload/v1769982562/trackman/2331931b-0da7-49fe-83af-2c7f6c91774f/VideoClip/aa9b13a8-010.mov,trackman/2331931b-0da7-49fe-83af-2c7f6c91774f/VideoClip/aa9b13a8-010,2026-02-01T21:49:32Z
2331931b-0da7-49fe-83af-2c7f6c91774f,aba2e99e-5e34-417d-8f30-afc59e75a2f5,VideoClip,iPhone,,iPhoneVideos,Plays/aba2e99e-5e34-417d-8f30-afc59e75a2f5/iPhone/d2d01f0b-a09b-4951-aa78-e37532556988.mov,h7kOLFFHWObrl5YAVdg5Pg==,https://res.cloudinary.com/pitchingcoachu/video/upload/v1769982573/trackman/2331931b-0da7-49fe-83af-2c7f6c91774f/VideoClip/aba2e99e-5e3.mov,trackman/2331931b-0da7-49fe-83af-2c7f6c91774f/VideoClip/aba2e99e-5e3,2026-02-01T21:49:36Z
2331931b-0da7-49fe-83af-2c7f6c91774f,ace03af9-ca14-4ab5-8b89-bf311cb154fd,VideoClip,iPhone,,iPhoneVideos,Plays/ace03af9-ca14-4ab5-8b89-bf311cb154fd/iPhone/77785565-c5be-470d-8d4a-2f59ecce93ed.mov,ni8o4HhcZxA+5qmMAtRacw==,https://res.cloudinary.com/pitchingcoachu/video/upload/v1769982575/trackman/2331931b-0da7-49fe-83af-2c7f6c91774f/VideoClip/ace03af9-ca1.mov,trackman/2331931b-0da7-49fe-83af-2c7f6c91774f/VideoClip/ace03af9-ca1,2026-02-01T21:49:36Z
2331931b-0da7-49fe-83af-2c7f6c91774f,af2f1869-866a-4f2e-b282-b0c3fb2b078d,VideoClip,iPhone,,iPhoneVideos,Plays/af2f1869-866a-4f2e-b282-b0c3fb2b078d/iPhone/1eeff87a-cebc-46d1-a122-0b8916066c80.mov,yu+quhOHLUSlRYebnX8wCQ==,https://res.cloudinary.com/pitchingcoachu/video/upload/v1769982576/trackman/2331931b-0da7-49fe-83af-2c7f6c91774f/VideoClip/af2f1869-866.mov,trackman/2331931b-0da7-49fe-83af-2c7f6c91774f/VideoClip/af2f1869-866,2026-02-01T21:49:38Z
2331931b-0da7-49fe-83af-2c7f6c91774f,afce28ed-f67d-422c-adf2-f01f7996cbbb,VideoClip,iPhone,,iPhoneVideos,Plays/afce28ed-f67d-422c-adf2-f01f7996cbbb/iPhone/a2e042ab-08e2-493d-8f75-69e631c65c96.mov,c/uXqK8yxX/CUVh7z+NvqQ==,https://res.cloudinary.com/pitchingcoachu/video/upload/v1769982578/trackman/2331931b-0da7-49fe-83af-2c7f6c91774f/VideoClip/afce28ed-f67.mov,trackman/2331931b-0da7-49fe-83af-2c7f6c91774f/VideoClip/afce28ed-f67,2026-02-01T21:49:48Z
2331931b-0da7-49fe-83af-2c7f6c91774f,b11c3b83-288c-4421-b0cb-0d5bbcdbf0bc,VideoClip3,iPhone,,iPhoneVideos,Plays/b11c3b83-288c-4421-b0cb-0d5bbcdbf0bc/iPhone/6b1a1dd5-75da-42cf-8eeb-595be2c143c5.mov,feDt4aXYgqDWkO8a5JWVBw==,https://res.cloudinary.com/pitchingcoachu/video/upload/v1769982588/trackman/2331931b-0da7-49fe-83af-2c7f6c91774f/VideoClip3/b11c3b83-288.mov,trackman/2331931b-0da7-49fe-83af-2c7f6c91774f/VideoClip3/b11c3b83-288,2026-02-01T21:49:49Z
2331931b-0da7-49fe-83af-2c7f6c91774f,b34bc0ab-2af4-412b-b944-b548f58668dc,VideoClip,iPhone,,iPhoneVideos,Plays/b34bc0ab-2af4-412b-b944-b548f58668dc/iPhone/432f27b0-804c-494f-a55b-ea1f7ca4f847.mov,HCfV8omegS+xwDkgqGTo2g==,https://res.cloudinary.com/pitchingcoachu/video/upload/v1769982589/trackman/2331931b-0da7-49fe-83af-2c7f6c91774f/VideoClip/b34bc0ab-2af.mov,trackman/2331931b-0da7-49fe-83af-2c7f6c91774f/VideoClip/b34bc0ab-2af,2026-02-01T21:49:50Z
2331931b-0da7-49fe-83af-2c7f6c91774f,ba869df2-8f3f-4b60-a45c-46ac7f49fb28,VideoClip,iPhone,,iPhoneVideos,Plays/ba869df2-8f3f-4b60-a45c-46ac7f49fb28/iPhone/cd41724f-605c-4bc2-bbe1-7df52abd5651.mov,8chno6HI+PN2SfdKPNBKwg==,https://res.cloudinary.com/pitchingcoachu/video/upload/v1769982590/trackman/2331931b-0da7-49fe-83af-2c7f6c91774f/VideoClip/ba869df2-8f3.mov,trackman/2331931b-0da7-49fe-83af-2c7f6c91774f/VideoClip/ba869df2-8f3,2026-02-01T21:49:51Z
2331931b-0da7-49fe-83af-2c7f6c91774f,bcadb423-c8d3-4d2b-aee8-ad1a77de8c2d,VideoClip,iPhone,,iPhoneVideos,Plays/bcadb423-c8d3-4d2b-aee8-ad1a77de8c2d/iPhone/a7cfa488-83df-4753-b0ae-3cdb3f60e539.mov,Jb7tBog2m1SoprWyfjpPDQ==,https://res.cloudinary.com/pitchingcoachu/video/upload/v1769982592/trackman/2331931b-0da7-49fe-83af-2c7f6c91774f/VideoClip/bcadb423-c8d.mov,trackman/2331931b-0da7-49fe-83af-2c7f6c91774f/VideoClip/bcadb423-c8d,2026-02-01T21:49:53Z
2331931b-0da7-49fe-83af-2c7f6c91774f,bcd6b474-190a-4978-a156-6671417cb082,VideoClip,iPhone,,iPhoneVideos,Plays/bcd6b474-190a-4978-a156-6671417cb082/iPhone/a37127a8-386f-48f4-8b72-5f6e7631f048.mov,LNkFvBPlOmgjsj71Y+cWQw==,https://res.cloudinary.com/pitchingcoachu/video/upload/v1769982593/trackman/2331931b-0da7-49fe-83af-2c7f6c91774f/VideoClip/bcd6b474-190.mov,trackman/2331931b-0da7-49fe-83af-2c7f6c91774f/VideoClip/bcd6b474-190,2026-02-01T21:49:54Z
2331931b-0da7-49fe-83af-2c7f6c91774f,bd7485d1-e46b-4f37-8451-d12e25d86ecd,VideoClip,iPhone,,iPhoneVideos,Plays/bd7485d1-e46b-4f37-8451-d12e25d86ecd/iPhone/1d81a54f-2bf3-4165-baf0-2d2bcfc80d48.mov,mUJcuhzCVNcjSTxPIMCbzw==,https://res.cloudinary.com/pitchingcoachu/video/upload/v1769982594/trackman/2331931b-0da7-49fe-83af-2c7f6c91774f/VideoClip/bd7485d1-e46.mov,trackman/2331931b-0da7-49fe-83af-2c7f6c91774f/VideoClip/bd7485d1-e46,2026-02-01T21:49:56Z
2331931b-0da7-49fe-83af-2c7f6c91774f,be534a07-7cc8-43de-8ccd-dacc2e463711,VideoClip3,iPhone,,iPhoneVideos,Plays/be534a07-7cc8-43de-8ccd-dacc2e463711/iPhone/60d6aa17-9be4-48f7-b1c4-ec60af33bcfa.mov,+JXMui+UV+zk2Lo7IBC+Gg==,https://res.cloudinary.com/pitchingcoachu/video/upload/v1769982596/trackman/2331931b-0da7-49fe-83af-2c7f6c91774f/VideoClip3/be534a07-7cc.mov,trackman/2331931b-0da7-49fe-83af-2c7f6c91774f/VideoClip3/be534a07-7cc,2026-02-01T21:49:58Z
2331931b-0da7-49fe-83af-2c7f6c91774f,bf026e24-4901-4b1a-a041-d5fc30ae044e,VideoClip,iPhone,,iPhoneVideos,Plays/bf026e24-4901-4b1a-a041-d5fc30ae044e/iPhone/a8d07d0f-24f7-496e-a37e-69828a4b7065.mov,BcL1QH/DBn4479zuycE6kg==,https://res.cloudinary.com/pitchingcoachu/video/upload/v1769982598/trackman/2331931b-0da7-49fe-83af-2c7f6c91774f/VideoClip/bf026e24-490.mov,trackman/2331931b-0da7-49fe-83af-2c7f6c91774f/VideoClip/bf026e24-490,2026-02-01T21:50:00Z
2331931b-0da7-49fe-83af-2c7f6c91774f,bf8ee76f-a927-4271-8ca4-2af1409c55d6,VideoClip,iPhone,,iPhoneVideos,Plays/bf8ee76f-a927-4271-8ca4-2af1409c55d6/iPhone/28ad36b9-d735-4f7b-b92a-4c1c7bf21561.mov,u1PRSps6aLevHdM/7cDA3A==,https://res.cloudinary.com/pitchingcoachu/video/upload/v1769982601/trackman/2331931b-0da7-49fe-83af-2c7f6c91774f/VideoClip/bf8ee76f-a92.mov,trackman/2331931b-0da7-49fe-83af-2c7f6c91774f/VideoClip/bf8ee76f-a92,2026-02-01T21:50:11Z
2331931b-0da7-49fe-83af-2c7f6c91774f,bff87ed4-7f9f-48d3-9015-c419c8dd096f,VideoClip,iPhone,,iPhoneVideos,Plays/bff87ed4-7f9f-48d3-9015-c419c8dd096f/iPhone/ff3508a9-13a5-457f-83a7-f4a7c986a0f1.mov,W4jstHfzKFkHBxolK2vIAg==,https://res.cloudinary.com/pitchingcoachu/video/upload/v1769982611/trackman/2331931b-0da7-49fe-83af-2c7f6c91774f/VideoClip/bff87ed4-7f9.mov,trackman/2331931b-0da7-49fe-83af-2c7f6c91774f/VideoClip/bff87ed4-7f9,2026-02-01T21:50:13Z
2331931b-0da7-49fe-83af-2c7f6c91774f,c0d194b4-5984-45c5-a842-44df99742ebe,VideoClip,iPhone,,iPhoneVideos,Plays/c0d194b4-5984-45c5-a842-44df99742ebe/iPhone/875f7edf-f8b1-48bc-8919-5d4e7e7d58c8.mov,NS0FW3Q+S2kcgPvDk006fw==,https://res.cloudinary.com/pitchingcoachu/video/upload/v1769982613/trackman/2331931b-0da7-49fe-83af-2c7f6c91774f/VideoClip/c0d194b4-598.mov,trackman/2331931b-0da7-49fe-83af-2c7f6c91774f/VideoClip/c0d194b4-598,2026-02-01T21:50:15Z
2331931b-0da7-49fe-83af-2c7f6c91774f,c155e764-c096-4f00-8dbb-20f925879a15,VideoClip,iPhone,,iPhoneVideos,Plays/c155e764-c096-4f00-8dbb-20f925879a15/iPhone/c4ef9bb4-5697-4d67-9b27-6e9c2769af34.mov,ExyA3J7MXaU9rVKAl3av5g==,https://res.cloudinary.com/pitchingcoachu/video/upload/v1769982615/trackman/2331931b-0da7-49fe-83af-2c7f6c91774f/VideoClip/c155e764-c09.mov,trackman/2331931b-0da7-49fe-83af-2c7f6c91774f/VideoClip/c155e764-c09,2026-02-01T21:50:18Z
2331931b-0da7-49fe-83af-2c7f6c91774f,c35f9d57-ba54-4adc-83b1-237d2d2e438d,VideoClip3,iPhone,,iPhoneVideos,Plays/c35f9d57-ba54-4adc-83b1-237d2d2e438d/iPhone/5bd939fc-bd6e-4c01-84fd-4dd4c0e642b8.mov,MKXhlFR6DvAk78NqiCa+kw==,https://res.cloudinary.com/pitchingcoachu/video/upload/v1769982617/trackman/2331931b-0da7-49fe-83af-2c7f6c91774f/VideoClip3/c35f9d57-ba5.mov,trackman/2331931b-0da7-49fe-83af-2c7f6c91774f/VideoClip3/c35f9d57-ba5,2026-02-01T21:50:19Z
2331931b-0da7-49fe-83af-2c7f6c91774f,c3935c97-560c-4c80-9b6b-62d54393976e,VideoClip,iPhone,,iPhoneVideos,Plays/c3935c97-560c-4c80-9b6b-62d54393976e/iPhone/6959be22-9566-47ca-a27d-4fb8ecfb4bc8.mov,O02Vwj99oN+xbPjXXb7rMw==,https://res.cloudinary.com/pitchingcoachu/video/upload/v1769982619/trackman/2331931b-0da7-49fe-83af-2c7f6c91774f/VideoClip/c3935c97-560.mov,trackman/2331931b-0da7-49fe-83af-2c7f6c91774f/VideoClip/c3935c97-560,2026-02-01T21:50:22Z
2331931b-0da7-49fe-83af-2c7f6c91774f,c4fb979b-7f4e-481a-8b15-7c656a08196b,VideoClip,iPhone,,iPhoneVideos,Plays/c4fb979b-7f4e-481a-8b15-7c656a08196b/iPhone/10b5385f-f0cf-442e-90b1-6791a6c4a882.mov,lErY7fkecf+aFVvISrJNbA==,https://res.cloudinary.com/pitchingcoachu/video/upload/v1769982620/trackman/2331931b-0da7-49fe-83af-2c7f6c91774f/VideoClip/c4fb979b-7f4.mov,trackman/2331931b-0da7-49fe-83af-2c7f6c91774f/VideoClip/c4fb979b-7f4,2026-02-01T21:50:22Z
2331931b-0da7-49fe-83af-2c7f6c91774f,ce097e87-c325-4077-9e90-1abe10532215,VideoClip,iPhone,,iPhoneVideos,Plays/ce097e87-c325-4077-9e90-1abe10532215/iPhone/9d0302d5-0569-4633-b93d-1d4c9a616c4c.mov,PrWsnlv2JtCHv9e4ve4NNQ==,https://res.cloudinary.com/pitchingcoachu/video/upload/v1769982622/trackman/2331931b-0da7-49fe-83af-2c7f6c91774f/VideoClip/ce097e87-c32.mov,trackman/2331931b-0da7-49fe-83af-2c7f6c91774f/VideoClip/ce097e87-c32,2026-02-01T21:50:25Z
2331931b-0da7-49fe-83af-2c7f6c91774f,ceff8a61-2644-48e8-8af8-0bee74c6229f,VideoClip2,iPhone,,iPhoneVideos,Plays/ceff8a61-2644-48e8-8af8-0bee74c6229f/iPhone/cc116a17-eee9-4669-9962-2d587521f1b0.mov,FeeWkwyEmrpW+ANLguiEPQ==,https://res.cloudinary.com/pitchingcoachu/video/upload/v1769982623/trackman/2331931b-0da7-49fe-83af-2c7f6c91774f/VideoClip2/ceff8a61-264.mov,trackman/2331931b-0da7-49fe-83af-2c7f6c91774f/VideoClip2/ceff8a61-264,2026-02-01T21:50:25Z
2331931b-0da7-49fe-83af-2c7f6c91774f,d21f742f-69fd-4b5b-b77e-30d31405fb16,VideoClip,iPhone,,iPhoneVideos,Plays/d21f742f-69fd-4b5b-b77e-30d31405fb16/iPhone/d5a60fd5-4f86-4f55-9362-945e0339f5e2.mov,fofQv1DBho6FaVM+BzO0Tg==,https://res.cloudinary.com/pitchingcoachu/video/upload/v1769982625/trackman/2331931b-0da7-49fe-83af-2c7f6c91774f/VideoClip/d21f742f-69f.mov,trackman/2331931b-0da7-49fe-83af-2c7f6c91774f/VideoClip/d21f742f-69f,2026-02-01T21:50:28Z
2331931b-0da7-49fe-83af-2c7f6c91774f,d2225885-315c-4347-802f-c8e1b7a51a2a,VideoClip2,iPhone,,iPhoneVideos,Plays/d2225885-315c-4347-802f-c8e1b7a51a2a/iPhone/c5819826-366a-4022-b515-883d17001c66.mov,VCIxGshF2JlVM07WwzP+Gw==,https://res.cloudinary.com/pitchingcoachu/video/upload/v1769982628/trackman/2331931b-0da7-49fe-83af-2c7f6c91774f/VideoClip2/d2225885-315.mov,trackman/2331931b-0da7-49fe-83af-2c7f6c91774f/VideoClip2/d2225885-315,2026-02-01T21:50:38Z
2331931b-0da7-49fe-83af-2c7f6c91774f,d66ee428-39c6-4c28-82f8-6a21ce884a07,VideoClip,iPhone,,iPhoneVideos,Plays/d66ee428-39c6-4c28-82f8-6a21ce884a07/iPhone/2e1596aa-7866-4df5-985e-6eaa1a5c0823.mov,sOVHCXdZIjF4BUdkuFZJDg==,https://res.cloudinary.com/pitchingcoachu/video/upload/v1769982638/trackman/2331931b-0da7-49fe-83af-2c7f6c91774f/VideoClip/d66ee428-39c.mov,trackman/2331931b-0da7-49fe-83af-2c7f6c91774f/VideoClip/d66ee428-39c,2026-02-01T21:50:40Z
2331931b-0da7-49fe-83af-2c7f6c91774f,d6d72e18-b2c1-4810-8516-edcb834541b9,VideoClip2,iPhone,,iPhoneVideos,Plays/d6d72e18-b2c1-4810-8516-edcb834541b9/iPhone/74d0bc73-ed0b-46e0-aabd-05dd602b7940.mov,IYPc4tUxnwdnib7cSh0y0A==,https://res.cloudinary.com/pitchingcoachu/video/upload/v1769982641/trackman/2331931b-0da7-49fe-83af-2c7f6c91774f/VideoClip2/d6d72e18-b2c.mov,trackman/2331931b-0da7-49fe-83af-2c7f6c91774f/VideoClip2/d6d72e18-b2c,2026-02-01T21:50:42Z
2331931b-0da7-49fe-83af-2c7f6c91774f,dad23444-6851-42ec-9dd3-e220f68fa05d,VideoClip3,iPhone,,iPhoneVideos,Plays/dad23444-6851-42ec-9dd3-e220f68fa05d/iPhone/e46227ca-f206-4ad2-b1d1-f9eb538003b8.mov,SLpYslmhf02pavnQNtaBUQ==,https://res.cloudinary.com/pitchingcoachu/video/upload/v1769982642/trackman/2331931b-0da7-49fe-83af-2c7f6c91774f/VideoClip3/dad23444-685.mov,trackman/2331931b-0da7-49fe-83af-2c7f6c91774f/VideoClip3/dad23444-685,2026-02-01T21:50:53Z
2331931b-0da7-49fe-83af-2c7f6c91774f,dc8b1b5f-6839-426d-8613-dc8510c50f19,VideoClip2,iPhone,,iPhoneVideos,Plays/dc8b1b5f-6839-426d-8613-dc8510c50f19/iPhone/0c242977-b656-4b7d-93bf-5f2e901eb983.mov,kbjKFr3Mus8iox3csd1cvQ==,https://res.cloudinary.com/pitchingcoachu/video/upload/v1769982653/trackman/2331931b-0da7-49fe-83af-2c7f6c91774f/VideoClip2/dc8b1b5f-683.mov,trackman/2331931b-0da7-49fe-83af-2c7f6c91774f/VideoClip2/dc8b1b5f-683,2026-02-01T21:50:59Z
2331931b-0da7-49fe-83af-2c7f6c91774f,dd0d2ebe-4d12-452d-a58b-e91581b53b88,VideoClip2,iPhone,,iPhoneVideos,Plays/dd0d2ebe-4d12-452d-a58b-e91581b53b88/iPhone/5f0459a1-2bdd-457f-ac6e-749b7121a2ee.mov,suGbC7XZrKFcT2diVh/3jA==,https://res.cloudinary.com/pitchingcoachu/video/upload/v1769982654/trackman/2331931b-0da7-49fe-83af-2c7f6c91774f/VideoClip2/dd0d2ebe-4d1.mov,trackman/2331931b-0da7-49fe-83af-2c7f6c91774f/VideoClip2/dd0d2ebe-4d1,2026-02-01T21:50:59Z
2331931b-0da7-49fe-83af-2c7f6c91774f,e0d7989b-0ef5-45eb-9bda-b241464288cd,VideoClip,iPhone,,iPhoneVideos,Plays/e0d7989b-0ef5-45eb-9bda-b241464288cd/iPhone/29b086a0-22eb-4189-9cec-ffe96d8936db.mov,10Pnho69rk/HRkJ0irdjhQ==,https://res.cloudinary.com/pitchingcoachu/video/upload/v1769982655/trackman/2331931b-0da7-49fe-83af-2c7f6c91774f/VideoClip/e0d7989b-0ef.mov,trackman/2331931b-0da7-49fe-83af-2c7f6c91774f/VideoClip/e0d7989b-0ef,2026-02-01T21:51:00Z
2331931b-0da7-49fe-83af-2c7f6c91774f,e3430ebf-6ffe-450a-a83d-2a8e5151303a,VideoClip,iPhone,,iPhoneVideos,Plays/e3430ebf-6ffe-450a-a83d-2a8e5151303a/iPhone/321090f6-5348-409a-8f2d-4685b3382fa1.mov,pC1KU9WynPouKnT4CPvfFQ==,https://res.cloudinary.com/pitchingcoachu/video/upload/v1769982657/trackman/2331931b-0da7-49fe-83af-2c7f6c91774f/VideoClip/e3430ebf-6ff.mov,trackman/2331931b-0da7-49fe-83af-2c7f6c91774f/VideoClip/e3430ebf-6ff,2026-02-01T21:51:00Z
2331931b-0da7-49fe-83af-2c7f6c91774f,e75e777a-350f-4649-8c46-ffa90277d44f,VideoClip,iPhone,,iPhoneVideos,Plays/e75e777a-350f-4649-8c46-ffa90277d44f/iPhone/7e292965-2f15-4579-9102-8f4734a54dba.mov,3JAu7Z0V5EyKgeNW14V7Hw==,https://res.cloudinary.com/pitchingcoachu/video/upload/v1769982658/trackman/2331931b-0da7-49fe-83af-2c7f6c91774f/VideoClip/e75e777a-350.mov,trackman/2331931b-0da7-49fe-83af-2c7f6c91774f/VideoClip/e75e777a-350,2026-02-01T21:51:00Z
2331931b-0da7-49fe-83af-2c7f6c91774f,e84e12de-340d-44ae-9013-d00c46605d92,VideoClip,iPhone,,iPhoneVideos,Plays/e84e12de-340d-44ae-9013-d00c46605d92/iPhone/42066049-3022-40bc-b30d-98ad8705bc83.mov,3HPVuVnIBTA60O6bihyULA==,https://res.cloudinary.com/pitchingcoachu/video/upload/v1769982660/trackman/2331931b-0da7-49fe-83af-2c7f6c91774f/VideoClip/e84e12de-340.mov,trackman/2331931b-0da7-49fe-83af-2c7f6c91774f/VideoClip/e84e12de-340,2026-02-01T21:51:02Z
2331931b-0da7-49fe-83af-2c7f6c91774f,e8f8239c-51ba-4300-ac88-353e52504fad,VideoClip2,iPhone,,iPhoneVideos,Plays/e8f8239c-51ba-4300-ac88-353e52504fad/iPhone/7aadcb40-eea6-44d1-8bed-c2a70b39eeb8.mov,qyQsxtZN6M43ZsrpgJCOSA==,https://res.cloudinary.com/pitchingcoachu/video/upload/v1769982661/trackman/2331931b-0da7-49fe-83af-2c7f6c91774f/VideoClip2/e8f8239c-51b.mov,trackman/2331931b-0da7-49fe-83af-2c7f6c91774f/VideoClip2/e8f8239c-51b,2026-02-01T21:51:02Z
2331931b-0da7-49fe-83af-2c7f6c91774f,e93bb629-3efb-42a4-9de0-34a6d4910d9f,VideoClip3,iPhone,,iPhoneVideos,Plays/e93bb629-3efb-42a4-9de0-34a6d4910d9f/iPhone/de18a670-312b-4179-bfa2-5271f7c0d384.mov,rab5+uldlCDUqdRDPZKcSA==,https://res.cloudinary.com/pitchingcoachu/video/upload/v1769982662/trackman/2331931b-0da7-49fe-83af-2c7f6c91774f/VideoClip3/e93bb629-3ef.mov,trackman/2331931b-0da7-49fe-83af-2c7f6c91774f/VideoClip3/e93bb629-3ef,2026-02-01T21:51:05Z
2331931b-0da7-49fe-83af-2c7f6c91774f,ea5efc60-e67c-4180-b400-6b12c7db83df,VideoClip,iPhone,,iPhoneVideos,Plays/ea5efc60-e67c-4180-b400-6b12c7db83df/iPhone/d45b3281-f0ce-4b71-add8-9d6d540fbdb0.mov,fjHkHQfWxdpKZukC6qATaQ==,https://res.cloudinary.com/pitchingcoachu/video/upload/v1769982664/trackman/2331931b-0da7-49fe-83af-2c7f6c91774f/VideoClip/ea5efc60-e67.mov,trackman/2331931b-0da7-49fe-83af-2c7f6c91774f/VideoClip/ea5efc60-e67,2026-02-01T21:51:14Z
2331931b-0da7-49fe-83af-2c7f6c91774f,eaef1501-2ff8-4905-8d67-cfd5de5c1859,VideoClip,iPhone,,iPhoneVideos,Plays/eaef1501-2ff8-4905-8d67-cfd5de5c1859/iPhone/4dc0efcc-35d3-43c3-a76e-89b543f0d3da.mov,E2nAQlDMuRE1nNq1cj+fJQ==,https://res.cloudinary.com/pitchingcoachu/video/upload/v1769982675/trackman/2331931b-0da7-49fe-83af-2c7f6c91774f/VideoClip/eaef1501-2ff.mov,trackman/2331931b-0da7-49fe-83af-2c7f6c91774f/VideoClip/eaef1501-2ff,2026-02-01T21:51:15Z
2331931b-0da7-49fe-83af-2c7f6c91774f,eb82557b-0638-4db4-bb45-bde1e6495f72,VideoClip,iPhone,,iPhoneVideos,Plays/eb82557b-0638-4db4-bb45-bde1e6495f72/iPhone/7154c91e-0e8b-4da4-9d54-f6e84b9b2dd2.mov,21A7GM9cbqjn184EJ93LhQ==,https://res.cloudinary.com/pitchingcoachu/video/upload/v1769982676/trackman/2331931b-0da7-49fe-83af-2c7f6c91774f/VideoClip/eb82557b-063.mov,trackman/2331931b-0da7-49fe-83af-2c7f6c91774f/VideoClip/eb82557b-063,2026-02-01T21:51:17Z
2331931b-0da7-49fe-83af-2c7f6c91774f,ede97737-a2ba-462c-9a95-256a483d333f,VideoClip,iPhone,,iPhoneVideos,Plays/ede97737-a2ba-462c-9a95-256a483d333f/iPhone/94a1a42f-aea7-4f7d-b9bd-3844e01e9ace.mov,YBvgH1Z5Niitg0pudKW+qQ==,https://res.cloudinary.com/pitchingcoachu/video/upload/v1769982678/trackman/2331931b-0da7-49fe-83af-2c7f6c91774f/VideoClip/ede97737-a2b.mov,trackman/2331931b-0da7-49fe-83af-2c7f6c91774f/VideoClip/ede97737-a2b,2026-02-01T21:51:19Z
2331931b-0da7-49fe-83af-2c7f6c91774f,efb5ffe4-6504-4b09-80cf-930c3e926c1d,VideoClip,iPhone,,iPhoneVideos,Plays/efb5ffe4-6504-4b09-80cf-930c3e926c1d/iPhone/687b47ff-934a-40c7-a5d7-9c8a1daa4a89.mov,6QNeJbRpQLBMfvvqJN++vA==,https://res.cloudinary.com/pitchingcoachu/video/upload/v1769982679/trackman/2331931b-0da7-49fe-83af-2c7f6c91774f/VideoClip/efb5ffe4-650.mov,trackman/2331931b-0da7-49fe-83af-2c7f6c91774f/VideoClip/efb5ffe4-650,2026-02-01T21:51:21Z
2331931b-0da7-49fe-83af-2c7f6c91774f,f0f28a7b-b2c6-435a-8a31-d93aad6ec223,VideoClip,iPhone,,iPhoneVideos,Plays/f0f28a7b-b2c6-435a-8a31-d93aad6ec223/iPhone/708313cd-d36b-4075-9cf0-b48a05a84e8c.mov,lapYeZyJVI53o9sm2AtfmA==,https://res.cloudinary.com/pitchingcoachu/video/upload/v1769982681/trackman/2331931b-0da7-49fe-83af-2c7f6c91774f/VideoClip/f0f28a7b-b2c.mov,trackman/2331931b-0da7-49fe-83af-2c7f6c91774f/VideoClip/f0f28a7b-b2c,2026-02-01T21:51:23Z
2331931b-0da7-49fe-83af-2c7f6c91774f,f22cf74b-64d1-4cac-a595-14a1a4e429c8,VideoClip,iPhone,,iPhoneVideos,Plays/f22cf74b-64d1-4cac-a595-14a1a4e429c8/iPhone/42b4cebc-9969-4c76-8d75-7200c6c4c46b.mov,jrlEoXoojxJNBLvEzoag1g==,https://res.cloudinary.com/pitchingcoachu/video/upload/v1769982683/trackman/2331931b-0da7-49fe-83af-2c7f6c91774f/VideoClip/f22cf74b-64d.mov,trackman/2331931b-0da7-49fe-83af-2c7f6c91774f/VideoClip/f22cf74b-64d,2026-02-01T21:51:24Z
2331931b-0da7-49fe-83af-2c7f6c91774f,f500e234-1513-40e9-8b1d-11d3622ab548,VideoClip,iPhone,,iPhoneVideos,Plays/f500e234-1513-40e9-8b1d-11d3622ab548/iPhone/dad75d89-54c4-451c-a88c-f6de61cafdbf.mov,X4SJ97CkURKUmvd/sFk8Og==,https://res.cloudinary.com/pitchingcoachu/video/upload/v1769982684/trackman/2331931b-0da7-49fe-83af-2c7f6c91774f/VideoClip/f500e234-151.mov,trackman/2331931b-0da7-49fe-83af-2c7f6c91774f/VideoClip/f500e234-151,2026-02-01T21:51:35Z
2331931b-0da7-49fe-83af-2c7f6c91774f,f5891683-f74c-487e-a9aa-57f49ef3872e,VideoClip,iPhone,,iPhoneVideos,Plays/f5891683-f74c-487e-a9aa-57f49ef3872e/iPhone/a59ed043-2790-4131-987f-9727035d5586.mov,VxdfA3YYV19E+nIwo2CTnA==,https://res.cloudinary.com/pitchingcoachu/video/upload/v1769982695/trackman/2331931b-0da7-49fe-83af-2c7f6c91774f/VideoClip/f5891683-f74.mov,trackman/2331931b-0da7-49fe-83af-2c7f6c91774f/VideoClip/f5891683-f74,2026-02-01T21:51:36Z
2331931b-0da7-49fe-83af-2c7f6c91774f,f5c58b1c-2593-49cf-8152-698f8da739ce,VideoClip2,iPhone,,iPhoneVideos,Plays/f5c58b1c-2593-49cf-8152-698f8da739ce/iPhone/1bcec7da-9fd9-4849-9743-68228178aee0.mov,YSTk/PyZQEMSfha8KAF6cg==,https://res.cloudinary.com/pitchingcoachu/video/upload/v1769982696/trackman/2331931b-0da7-49fe-83af-2c7f6c91774f/VideoClip2/f5c58b1c-259.mov,trackman/2331931b-0da7-49fe-83af-2c7f6c91774f/VideoClip2/f5c58b1c-259,2026-02-01T21:51:47Z
2331931b-0da7-49fe-83af-2c7f6c91774f,fee2eb8f-6551-4ddc-a119-45ec2ba5bed7,VideoClip,iPhone,,iPhoneVideos,Plays/fee2eb8f-6551-4ddc-a119-45ec2ba5bed7/iPhone/1e0322a8-13af-4738-9d77-fa7d6c162f24.mov,MPmS9dRALDwuJwOQ3DKtLg==,https://res.cloudinary.com/pitchingcoachu/video/upload/v1769982707/trackman/2331931b-0da7-49fe-83af-2c7f6c91774f/VideoClip/fee2eb8f-655.mov,trackman/2331931b-0da7-49fe-83af-2c7f6c91774f/VideoClip/fee2eb8f-655,2026-02-01T21:51:49Z
2331931b-0da7-49fe-83af-2c7f6c91774f,ff01faf7-8e9d-4daa-9135-b5933032655e,VideoClip,iPhone,,iPhoneVideos,Plays/ff01faf7-8e9d-4daa-9135-b5933032655e/iPhone/7f3305ac-ca1c-4b12-96d2-0811488051d3.mov,eVPR8vYIb21KaNnAn0XaRg==,https://res.cloudinary.com/pitchingcoachu/video/upload/v1769982708/trackman/2331931b-0da7-49fe-83af-2c7f6c91774f/VideoClip/ff01faf7-8e9.mov,trackman/2331931b-0da7-49fe-83af-2c7f6c91774f/VideoClip/ff01faf7-8e9,2026-02-01T21:51:49Z
2331931b-0da7-49fe-83af-2c7f6c91774f,ff91dfd8-5c66-42e5-a008-1f0c9d697d33,VideoClip,iPhone,,iPhoneVideos,Plays/ff91dfd8-5c66-42e5-a008-1f0c9d697d33/iPhone/813cceb4-7ded-45fe-b1e8-ff44cbb9cd5e.mov,ssJbrRCGGdiKpB0VcQJ23Q==,https://res.cloudinary.com/pitchingcoachu/video/upload/v1769982709/trackman/2331931b-0da7-49fe-83af-2c7f6c91774f/VideoClip/ff91dfd8-5c6.mov,trackman/2331931b-0da7-49fe-83af-2c7f6c91774f/VideoClip/ff91dfd8-5c6,2026-02-01T21:51:51Z
